-36,-5,y2411vIGrKOoEinodJqYFSpnke8=,zGJeITm/tyGBu0i2vBgBVAirh2k=
-35,-6,y2411vIGrKOoEinodJqYFSpnke8=,zGJeITm/tyGBu0i2vBgBVAirh2k=
-35,-2,y2411vIGrKOoEinodJqYFSpnke8=,zGJeITm/tyGBu0i2vBgBVAirh2k=
-34,-2,y2411vIGrKOoEinodJqYFSpnke8=,zGJeITm/tyGBu0i2vBgBVAirh2k=
-37,-5,y2411vIGrKOoEinodJqYFSpnke8=,zGJeITm/tyGBu0i2vBgBVAirh2k=
-36,-2,y2411vIGrKOoEinodJqYFSpnke8=,zGJeITm/tyGBu0i2vBgBVAirh2k=
-39,-7,y2411vIGrKOoEinodJqYFSpnke8=,zGJeITm/tyGBu0i2vBgBVAirh2k=
-36,-6,y2411vIGrKOoEinodJqYFSpnke8=,zGJeITm/tyGBu0i2vBgBVAirh2k=
-38,-5,y2411vIGrKOoEinodJqYFSpnke8=,zGJeITm/tyGBu0i2vBgBVAirh2k=
-39,-5,y2411vIGrKOoEinodJqYFSpnke8=,zGJeITm/tyGBu0i2vBgBVAirh2k=
-37,-6,y2411vIGrKOoEinodJqYFSpnke8=,zGJeITm/tyGBu0i2vBgBVAirh2k=
-37,-2,y2411vIGrKOoEinodJqYFSpnke8=,zGJeITm/tyGBu0i2vBgBVAirh2k=
-38,-2,y2411vIGrKOoEinodJqYFSpnke8=,zGJeITm/tyGBu0i2vBgBVAirh2k=
-34,-3,y2411vIGrKOoEinodJqYFSpnke8=,zGJeITm/tyGBu0i2vBgBVAirh2k=
-39,-2,y2411vIGrKOoEinodJqYFSpnke8=,zGJeITm/tyGBu0i2vBgBVAirh2k=
-35,-3,y2411vIGrKOoEinodJqYFSpnke8=,zGJeITm/tyGBu0i2vBgBVAirh2k=
-36,-3,y2411vIGrKOoEinodJqYFSpnke8=,zGJeITm/tyGBu0i2vBgBVAirh2k=
-38,-6,y2411vIGrKOoEinodJqYFSpnke8=,zGJeITm/tyGBu0i2vBgBVAirh2k=
-37,-3,y2411vIGrKOoEinodJqYFSpnke8=,zGJeITm/tyGBu0i2vBgBVAirh2k=
-34,-7,y2411vIGrKOoEinodJqYFSpnke8=,zGJeITm/tyGBu0i2vBgBVAirh2k=
-38,-3,y2411vIGrKOoEinodJqYFSpnke8=,zGJeITm/tyGBu0i2vBgBVAirh2k=
-39,-3,y2411vIGrKOoEinodJqYFSpnke8=,zGJeITm/tyGBu0i2vBgBVAirh2k=
-34,-4,y2411vIGrKOoEinodJqYFSpnke8=,zGJeITm/tyGBu0i2vBgBVAirh2k=
-35,-4,y2411vIGrKOoEinodJqYFSpnke8=,zGJeITm/tyGBu0i2vBgBVAirh2k=
-39,-6,y2411vIGrKOoEinodJqYFSpnke8=,zGJeITm/tyGBu0i2vBgBVAirh2k=
-36,-4,y2411vIGrKOoEinodJqYFSpnke8=,zGJeITm/tyGBu0i2vBgBVAirh2k=
-37,-4,y2411vIGrKOoEinodJqYFSpnke8=,zGJeITm/tyGBu0i2vBgBVAirh2k=
-35,-7,y2411vIGrKOoEinodJqYFSpnke8=,zGJeITm/tyGBu0i2vBgBVAirh2k=
-38,-4,y2411vIGrKOoEinodJqYFSpnke8=,zGJeITm/tyGBu0i2vBgBVAirh2k=
-39,-4,y2411vIGrKOoEinodJqYFSpnke8=,zGJeITm/tyGBu0i2vBgBVAirh2k=
-36,-7,y2411vIGrKOoEinodJqYFSpnke8=,zGJeITm/tyGBu0i2vBgBVAirh2k=
-37,-7,y2411vIGrKOoEinodJqYFSpnke8=,zGJeITm/tyGBu0i2vBgBVAirh2k=
-34,-6,y2411vIGrKOoEinodJqYFSpnke8=,zGJeITm/tyGBu0i2vBgBVAirh2k=
-38,-7,y2411vIGrKOoEinodJqYFSpnke8=,zGJeITm/tyGBu0i2vBgBVAirh2k=
-37,-13,y2411vIGrKOoEinodJqYFSpnke8=,zGJeITm/tyGBu0i2vBgBVAirh2k=
-36,-13,y2411vIGrKOoEinodJqYFSpnke8=,zGJeITm/tyGBu0i2vBgBVAirh2k=
-34,-9,y2411vIGrKOoEinodJqYFSpnke8=,zGJeITm/tyGBu0i2vBgBVAirh2k=
-35,-9,y2411vIGrKOoEinodJqYFSpnke8=,zGJeITm/tyGBu0i2vBgBVAirh2k=
-45,-5,y2411vIGrKOoEinodJqYFSpnke8=,sLhnerFhH9dzH62vTPxLV/WGsdo=
-44,-5,y2411vIGrKOoEinodJqYFSpnke8=,sLhnerFhH9dzH62vTPxLV/WGsdo=
-35,-5,y2411vIGrKOoEinodJqYFSpnke8=,zGJeITm/tyGBu0i2vBgBVAirh2k=
-36,-9,y2411vIGrKOoEinodJqYFSpnke8=,zGJeITm/tyGBu0i2vBgBVAirh2k=
-46,-5,y2411vIGrKOoEinodJqYFSpnke8=,sLhnerFhH9dzH62vTPxLV/WGsdo=
-35,-13,y2411vIGrKOoEinodJqYFSpnke8=,zGJeITm/tyGBu0i2vBgBVAirh2k=
-47,-5,y2411vIGrKOoEinodJqYFSpnke8=,sLhnerFhH9dzH62vTPxLV/WGsdo=
-42,-6,y2411vIGrKOoEinodJqYFSpnke8=,sLhnerFhH9dzH62vTPxLV/WGsdo=
-43,-5,y2411vIGrKOoEinodJqYFSpnke8=,sLhnerFhH9dzH62vTPxLV/WGsdo=
-41,-6,y2411vIGrKOoEinodJqYFSpnke8=,sLhnerFhH9dzH62vTPxLV/WGsdo=
-44,-6,y2411vIGrKOoEinodJqYFSpnke8=,sLhnerFhH9dzH62vTPxLV/WGsdo=
-34,-13,y2411vIGrKOoEinodJqYFSpnke8=,zGJeITm/tyGBu0i2vBgBVAirh2k=
-45,-6,y2411vIGrKOoEinodJqYFSpnke8=,sLhnerFhH9dzH62vTPxLV/WGsdo=
-43,-6,y2411vIGrKOoEinodJqYFSpnke8=,sLhnerFhH9dzH62vTPxLV/WGsdo=
-41,-2,y2411vIGrKOoEinodJqYFSpnke8=,sLhnerFhH9dzH62vTPxLV/WGsdo=
-47,-6,y2411vIGrKOoEinodJqYFSpnke8=,sLhnerFhH9dzH62vTPxLV/WGsdo=
-42,-2,y2411vIGrKOoEinodJqYFSpnke8=,sLhnerFhH9dzH62vTPxLV/WGsdo=
-42,-5,y2411vIGrKOoEinodJqYFSpnke8=,sLhnerFhH9dzH62vTPxLV/WGsdo=
-39,-12,y2411vIGrKOoEinodJqYFSpnke8=,zGJeITm/tyGBu0i2vBgBVAirh2k=
-38,-13,y2411vIGrKOoEinodJqYFSpnke8=,zGJeITm/tyGBu0i2vBgBVAirh2k=
-46,-6,y2411vIGrKOoEinodJqYFSpnke8=,sLhnerFhH9dzH62vTPxLV/WGsdo=
-43,-2,y2411vIGrKOoEinodJqYFSpnke8=,sLhnerFhH9dzH62vTPxLV/WGsdo=
-45,-2,y2411vIGrKOoEinodJqYFSpnke8=,sLhnerFhH9dzH62vTPxLV/WGsdo=
-44,-2,y2411vIGrKOoEinodJqYFSpnke8=,sLhnerFhH9dzH62vTPxLV/WGsdo=
-47,-2,y2411vIGrKOoEinodJqYFSpnke8=,sLhnerFhH9dzH62vTPxLV/WGsdo=
-46,-2,y2411vIGrKOoEinodJqYFSpnke8=,sLhnerFhH9dzH62vTPxLV/WGsdo=
-41,-3,y2411vIGrKOoEinodJqYFSpnke8=,sLhnerFhH9dzH62vTPxLV/WGsdo=
-40,-6,y2411vIGrKOoEinodJqYFSpnke8=,zGJeITm/tyGBu0i2vBgBVAirh2k=
-38,-12,y2411vIGrKOoEinodJqYFSpnke8=,zGJeITm/tyGBu0i2vBgBVAirh2k=
-43,-7,y2411vIGrKOoEinodJqYFSpnke8=,sLhnerFhH9dzH62vTPxLV/WGsdo=
-41,-7,y2411vIGrKOoEinodJqYFSpnke8=,sLhnerFhH9dzH62vTPxLV/WGsdo=
-42,-7,y2411vIGrKOoEinodJqYFSpnke8=,sLhnerFhH9dzH62vTPxLV/WGsdo=
-42,-3,y2411vIGrKOoEinodJqYFSpnke8=,sLhnerFhH9dzH62vTPxLV/WGsdo=
-40,-4,y2411vIGrKOoEinodJqYFSpnke8=,zGJeITm/tyGBu0i2vBgBVAirh2k=
-44,-3,y2411vIGrKOoEinodJqYFSpnke8=,sLhnerFhH9dzH62vTPxLV/WGsdo=
-37,-12,y2411vIGrKOoEinodJqYFSpnke8=,zGJeITm/tyGBu0i2vBgBVAirh2k=
-43,-3,y2411vIGrKOoEinodJqYFSpnke8=,sLhnerFhH9dzH62vTPxLV/WGsdo=
-44,-7,y2411vIGrKOoEinodJqYFSpnke8=,sLhnerFhH9dzH62vTPxLV/WGsdo=
-46,-7,y2411vIGrKOoEinodJqYFSpnke8=,sLhnerFhH9dzH62vTPxLV/WGsdo=
-47,-7,y2411vIGrKOoEinodJqYFSpnke8=,sLhnerFhH9dzH62vTPxLV/WGsdo=
-45,-7,y2411vIGrKOoEinodJqYFSpnke8=,sLhnerFhH9dzH62vTPxLV/WGsdo=
-40,-5,y2411vIGrKOoEinodJqYFSpnke8=,zGJeITm/tyGBu0i2vBgBVAirh2k=
-46,-3,y2411vIGrKOoEinodJqYFSpnke8=,sLhnerFhH9dzH62vTPxLV/WGsdo=
-45,-3,y2411vIGrKOoEinodJqYFSpnke8=,sLhnerFhH9dzH62vTPxLV/WGsdo=
-36,-12,y2411vIGrKOoEinodJqYFSpnke8=,zGJeITm/tyGBu0i2vBgBVAirh2k=
-47,-3,y2411vIGrKOoEinodJqYFSpnke8=,sLhnerFhH9dzH62vTPxLV/WGsdo=
-41,-4,y2411vIGrKOoEinodJqYFSpnke8=,sLhnerFhH9dzH62vTPxLV/WGsdo=
-42,-4,y2411vIGrKOoEinodJqYFSpnke8=,sLhnerFhH9dzH62vTPxLV/WGsdo=
-43,-4,y2411vIGrKOoEinodJqYFSpnke8=,sLhnerFhH9dzH62vTPxLV/WGsdo=
-40,-3,y2411vIGrKOoEinodJqYFSpnke8=,zGJeITm/tyGBu0i2vBgBVAirh2k=
-35,-12,y2411vIGrKOoEinodJqYFSpnke8=,zGJeITm/tyGBu0i2vBgBVAirh2k=
-40,-7,y2411vIGrKOoEinodJqYFSpnke8=,zGJeITm/tyGBu0i2vBgBVAirh2k=
-46,-4,y2411vIGrKOoEinodJqYFSpnke8=,sLhnerFhH9dzH62vTPxLV/WGsdo=
-45,-4,y2411vIGrKOoEinodJqYFSpnke8=,sLhnerFhH9dzH62vTPxLV/WGsdo=
-40,-2,y2411vIGrKOoEinodJqYFSpnke8=,zGJeITm/tyGBu0i2vBgBVAirh2k=
-47,-4,y2411vIGrKOoEinodJqYFSpnke8=,sLhnerFhH9dzH62vTPxLV/WGsdo=
-41,-5,y2411vIGrKOoEinodJqYFSpnke8=,sLhnerFhH9dzH62vTPxLV/WGsdo=
-39,-13,y2411vIGrKOoEinodJqYFSpnke8=,zGJeITm/tyGBu0i2vBgBVAirh2k=
-39,-8,y2411vIGrKOoEinodJqYFSpnke8=,zGJeITm/tyGBu0i2vBgBVAirh2k=
-35,-14,y2411vIGrKOoEinodJqYFSpnke8=,zGJeITm/tyGBu0i2vBgBVAirh2k=
-36,-14,y2411vIGrKOoEinodJqYFSpnke8=,zGJeITm/tyGBu0i2vBgBVAirh2k=
-34,-14,y2411vIGrKOoEinodJqYFSpnke8=,zGJeITm/tyGBu0i2vBgBVAirh2k=
-37,-14,y2411vIGrKOoEinodJqYFSpnke8=,zGJeITm/tyGBu0i2vBgBVAirh2k=
-38,-9,y2411vIGrKOoEinodJqYFSpnke8=,zGJeITm/tyGBu0i2vBgBVAirh2k=
-37,-9,y2411vIGrKOoEinodJqYFSpnke8=,zGJeITm/tyGBu0i2vBgBVAirh2k=
-36,-8,y2411vIGrKOoEinodJqYFSpnke8=,zGJeITm/tyGBu0i2vBgBVAirh2k=
-39,-9,y2411vIGrKOoEinodJqYFSpnke8=,zGJeITm/tyGBu0i2vBgBVAirh2k=
-35,-10,y2411vIGrKOoEinodJqYFSpnke8=,zGJeITm/tyGBu0i2vBgBVAirh2k=
-34,-10,y2411vIGrKOoEinodJqYFSpnke8=,zGJeITm/tyGBu0i2vBgBVAirh2k=
-38,-14,y2411vIGrKOoEinodJqYFSpnke8=,zGJeITm/tyGBu0i2vBgBVAirh2k=
-39,-14,y2411vIGrKOoEinodJqYFSpnke8=,zGJeITm/tyGBu0i2vBgBVAirh2k=
-36,-10,y2411vIGrKOoEinodJqYFSpnke8=,zGJeITm/tyGBu0i2vBgBVAirh2k=
-35,-8,y2411vIGrKOoEinodJqYFSpnke8=,zGJeITm/tyGBu0i2vBgBVAirh2k=
-35,-15,y2411vIGrKOoEinodJqYFSpnke8=,zGJeITm/tyGBu0i2vBgBVAirh2k=
-34,-15,y2411vIGrKOoEinodJqYFSpnke8=,zGJeITm/tyGBu0i2vBgBVAirh2k=
-37,-10,y2411vIGrKOoEinodJqYFSpnke8=,zGJeITm/tyGBu0i2vBgBVAirh2k=
-36,-15,y2411vIGrKOoEinodJqYFSpnke8=,zGJeITm/tyGBu0i2vBgBVAirh2k=
-37,-15,y2411vIGrKOoEinodJqYFSpnke8=,zGJeITm/tyGBu0i2vBgBVAirh2k=
-38,-10,y2411vIGrKOoEinodJqYFSpnke8=,zGJeITm/tyGBu0i2vBgBVAirh2k=
-38,-15,y2411vIGrKOoEinodJqYFSpnke8=,zGJeITm/tyGBu0i2vBgBVAirh2k=
-34,-12,y2411vIGrKOoEinodJqYFSpnke8=,zGJeITm/tyGBu0i2vBgBVAirh2k=
-39,-15,y2411vIGrKOoEinodJqYFSpnke8=,zGJeITm/tyGBu0i2vBgBVAirh2k=
-39,-10,y2411vIGrKOoEinodJqYFSpnke8=,zGJeITm/tyGBu0i2vBgBVAirh2k=
-38,-8,y2411vIGrKOoEinodJqYFSpnke8=,zGJeITm/tyGBu0i2vBgBVAirh2k=
-34,-11,y2411vIGrKOoEinodJqYFSpnke8=,zGJeITm/tyGBu0i2vBgBVAirh2k=
-36,-11,y2411vIGrKOoEinodJqYFSpnke8=,zGJeITm/tyGBu0i2vBgBVAirh2k=
-35,-11,y2411vIGrKOoEinodJqYFSpnke8=,zGJeITm/tyGBu0i2vBgBVAirh2k=
-37,-11,y2411vIGrKOoEinodJqYFSpnke8=,zGJeITm/tyGBu0i2vBgBVAirh2k=
-34,-8,y2411vIGrKOoEinodJqYFSpnke8=,zGJeITm/tyGBu0i2vBgBVAirh2k=
-38,-11,y2411vIGrKOoEinodJqYFSpnke8=,zGJeITm/tyGBu0i2vBgBVAirh2k=
-44,-11,y2411vIGrKOoEinodJqYFSpnke8=,hmLHAch75q0vga82pD9qBDM8snU=
-39,-11,y2411vIGrKOoEinodJqYFSpnke8=,zGJeITm/tyGBu0i2vBgBVAirh2k=
-45,-11,y2411vIGrKOoEinodJqYFSpnke8=,hmLHAch75q0vga82pD9qBDM8snU=
-37,-8,y2411vIGrKOoEinodJqYFSpnke8=,zGJeITm/tyGBu0i2vBgBVAirh2k=
-47,-11,y2411vIGrKOoEinodJqYFSpnke8=,hmLHAch75q0vga82pD9qBDM8snU=
-41,-12,y2411vIGrKOoEinodJqYFSpnke8=,hmLHAch75q0vga82pD9qBDM8snU=
-46,-11,y2411vIGrKOoEinodJqYFSpnke8=,hmLHAch75q0vga82pD9qBDM8snU=
-42,-12,y2411vIGrKOoEinodJqYFSpnke8=,hmLHAch75q0vga82pD9qBDM8snU=
-45,-12,y2411vIGrKOoEinodJqYFSpnke8=,hmLHAch75q0vga82pD9qBDM8snU=
-47,-12,y2411vIGrKOoEinodJqYFSpnke8=,hmLHAch75q0vga82pD9qBDM8snU=
-44,-12,y2411vIGrKOoEinodJqYFSpnke8=,hmLHAch75q0vga82pD9qBDM8snU=
-46,-12,y2411vIGrKOoEinodJqYFSpnke8=,hmLHAch75q0vga82pD9qBDM8snU=
-43,-12,y2411vIGrKOoEinodJqYFSpnke8=,hmLHAch75q0vga82pD9qBDM8snU=
-45,-13,y2411vIGrKOoEinodJqYFSpnke8=,hmLHAch75q0vga82pD9qBDM8snU=
-40,-8,y2411vIGrKOoEinodJqYFSpnke8=,zGJeITm/tyGBu0i2vBgBVAirh2k=
-40,-13,y2411vIGrKOoEinodJqYFSpnke8=,zGJeITm/tyGBu0i2vBgBVAirh2k=
-46,-13,y2411vIGrKOoEinodJqYFSpnke8=,hmLHAch75q0vga82pD9qBDM8snU=
-47,-13,y2411vIGrKOoEinodJqYFSpnke8=,hmLHAch75q0vga82pD9qBDM8snU=
-41,-13,y2411vIGrKOoEinodJqYFSpnke8=,hmLHAch75q0vga82pD9qBDM8snU=
-43,-13,y2411vIGrKOoEinodJqYFSpnke8=,hmLHAch75q0vga82pD9qBDM8snU=
-42,-13,y2411vIGrKOoEinodJqYFSpnke8=,hmLHAch75q0vga82pD9qBDM8snU=
-40,-12,y2411vIGrKOoEinodJqYFSpnke8=,zGJeITm/tyGBu0i2vBgBVAirh2k=
-40,-9,y2411vIGrKOoEinodJqYFSpnke8=,zGJeITm/tyGBu0i2vBgBVAirh2k=
-41,-8,y2411vIGrKOoEinodJqYFSpnke8=,sLhnerFhH9dzH62vTPxLV/WGsdo=
-41,-14,y2411vIGrKOoEinodJqYFSpnke8=,hmLHAch75q0vga82pD9qBDM8snU=
-45,-14,y2411vIGrKOoEinodJqYFSpnke8=,hmLHAch75q0vga82pD9qBDM8snU=
-42,-14,y2411vIGrKOoEinodJqYFSpnke8=,hmLHAch75q0vga82pD9qBDM8snU=
-42,-8,y2411vIGrKOoEinodJqYFSpnke8=,sLhnerFhH9dzH62vTPxLV/WGsdo=
-44,-14,y2411vIGrKOoEinodJqYFSpnke8=,hmLHAch75q0vga82pD9qBDM8snU=
-46,-14,y2411vIGrKOoEinodJqYFSpnke8=,hmLHAch75q0vga82pD9qBDM8snU=
-43,-11,y2411vIGrKOoEinodJqYFSpnke8=,hmLHAch75q0vga82pD9qBDM8snU=
-43,-14,y2411vIGrKOoEinodJqYFSpnke8=,hmLHAch75q0vga82pD9qBDM8snU=
-40,-15,y2411vIGrKOoEinodJqYFSpnke8=,zGJeITm/tyGBu0i2vBgBVAirh2k=
-43,-8,y2411vIGrKOoEinodJqYFSpnke8=,sLhnerFhH9dzH62vTPxLV/WGsdo=
-47,-14,y2411vIGrKOoEinodJqYFSpnke8=,hmLHAch75q0vga82pD9qBDM8snU=
-45,-8,y2411vIGrKOoEinodJqYFSpnke8=,sLhnerFhH9dzH62vTPxLV/WGsdo=
-40,-14,y2411vIGrKOoEinodJqYFSpnke8=,zGJeITm/tyGBu0i2vBgBVAirh2k=
-46,-8,y2411vIGrKOoEinodJqYFSpnke8=,sLhnerFhH9dzH62vTPxLV/WGsdo=
-42,-11,y2411vIGrKOoEinodJqYFSpnke8=,hmLHAch75q0vga82pD9qBDM8snU=
-47,-8,y2411vIGrKOoEinodJqYFSpnke8=,sLhnerFhH9dzH62vTPxLV/WGsdo=
-41,-15,y2411vIGrKOoEinodJqYFSpnke8=,hmLHAch75q0vga82pD9qBDM8snU=
-40,-10,y2411vIGrKOoEinodJqYFSpnke8=,zGJeITm/tyGBu0i2vBgBVAirh2k=
-41,-11,y2411vIGrKOoEinodJqYFSpnke8=,hmLHAch75q0vga82pD9qBDM8snU=
-41,-9,y2411vIGrKOoEinodJqYFSpnke8=,hmLHAch75q0vga82pD9qBDM8snU=
-42,-9,y2411vIGrKOoEinodJqYFSpnke8=,hmLHAch75q0vga82pD9qBDM8snU=
-42,-15,y2411vIGrKOoEinodJqYFSpnke8=,hmLHAch75q0vga82pD9qBDM8snU=
-43,-9,y2411vIGrKOoEinodJqYFSpnke8=,hmLHAch75q0vga82pD9qBDM8snU=
-45,-15,y2411vIGrKOoEinodJqYFSpnke8=,hmLHAch75q0vga82pD9qBDM8snU=
-44,-15,y2411vIGrKOoEinodJqYFSpnke8=,hmLHAch75q0vga82pD9qBDM8snU=
-46,-15,y2411vIGrKOoEinodJqYFSpnke8=,hmLHAch75q0vga82pD9qBDM8snU=
-47,-15,y2411vIGrKOoEinodJqYFSpnke8=,hmLHAch75q0vga82pD9qBDM8snU=
-43,-15,y2411vIGrKOoEinodJqYFSpnke8=,hmLHAch75q0vga82pD9qBDM8snU=
-45,-9,y2411vIGrKOoEinodJqYFSpnke8=,hmLHAch75q0vga82pD9qBDM8snU=
-47,-10,y2411vIGrKOoEinodJqYFSpnke8=,hmLHAch75q0vga82pD9qBDM8snU=
-40,-11,y2411vIGrKOoEinodJqYFSpnke8=,zGJeITm/tyGBu0i2vBgBVAirh2k=
-46,-9,y2411vIGrKOoEinodJqYFSpnke8=,hmLHAch75q0vga82pD9qBDM8snU=
-46,-10,y2411vIGrKOoEinodJqYFSpnke8=,hmLHAch75q0vga82pD9qBDM8snU=
-41,-10,y2411vIGrKOoEinodJqYFSpnke8=,hmLHAch75q0vga82pD9qBDM8snU=
-47,-9,y2411vIGrKOoEinodJqYFSpnke8=,hmLHAch75q0vga82pD9qBDM8snU=
-44,-8,y2411vIGrKOoEinodJqYFSpnke8=,sLhnerFhH9dzH62vTPxLV/WGsdo=
-42,-10,y2411vIGrKOoEinodJqYFSpnke8=,hmLHAch75q0vga82pD9qBDM8snU=
-44,-13,y2411vIGrKOoEinodJqYFSpnke8=,hmLHAch75q0vga82pD9qBDM8snU=
-43,-10,y2411vIGrKOoEinodJqYFSpnke8=,hmLHAch75q0vga82pD9qBDM8snU=
-45,-10,y2411vIGrKOoEinodJqYFSpnke8=,hmLHAch75q0vga82pD9qBDM8snU=
-44,-10,y2411vIGrKOoEinodJqYFSpnke8=,hmLHAch75q0vga82pD9qBDM8snU=
-34,-5,y2411vIGrKOoEinodJqYFSpnke8=,zGJeITm/tyGBu0i2vBgBVAirh2k=
-44,-4,y2411vIGrKOoEinodJqYFSpnke8=,sLhnerFhH9dzH62vTPxLV/WGsdo=
-44,-9,y2411vIGrKOoEinodJqYFSpnke8=,hmLHAch75q0vga82pD9qBDM8snU=
-33,-6,y2411vIGrKOoEinodJqYFSpnke8=,zGJeITm/tyGBu0i2vBgBVAirh2k=
-47,-1,y2411vIGrKOoEinodJqYFSpnke8=,sLhnerFhH9dzH62vTPxLV/WGsdo=
-33,-2,y2411vIGrKOoEinodJqYFSpnke8=,zGJeITm/tyGBu0i2vBgBVAirh2k=
-33,-7,y2411vIGrKOoEinodJqYFSpnke8=,zGJeITm/tyGBu0i2vBgBVAirh2k=
-46,-1,y2411vIGrKOoEinodJqYFSpnke8=,sLhnerFhH9dzH62vTPxLV/WGsdo=
-33,-3,y2411vIGrKOoEinodJqYFSpnke8=,zGJeITm/tyGBu0i2vBgBVAirh2k=
-33,-4,y2411vIGrKOoEinodJqYFSpnke8=,zGJeITm/tyGBu0i2vBgBVAirh2k=
-33,-5,y2411vIGrKOoEinodJqYFSpnke8=,zGJeITm/tyGBu0i2vBgBVAirh2k=
-45,-1,y2411vIGrKOoEinodJqYFSpnke8=,sLhnerFhH9dzH62vTPxLV/WGsdo=
-43,-1,y2411vIGrKOoEinodJqYFSpnke8=,sLhnerFhH9dzH62vTPxLV/WGsdo=
-33,-9,y2411vIGrKOoEinodJqYFSpnke8=,zGJeITm/tyGBu0i2vBgBVAirh2k=
-44,-1,y2411vIGrKOoEinodJqYFSpnke8=,sLhnerFhH9dzH62vTPxLV/WGsdo=
-33,-11,y2411vIGrKOoEinodJqYFSpnke8=,zGJeITm/tyGBu0i2vBgBVAirh2k=
-33,-10,y2411vIGrKOoEinodJqYFSpnke8=,zGJeITm/tyGBu0i2vBgBVAirh2k=
-33,-14,y2411vIGrKOoEinodJqYFSpnke8=,zGJeITm/tyGBu0i2vBgBVAirh2k=
-33,-8,y2411vIGrKOoEinodJqYFSpnke8=,zGJeITm/tyGBu0i2vBgBVAirh2k=
-42,-1,y2411vIGrKOoEinodJqYFSpnke8=,sLhnerFhH9dzH62vTPxLV/WGsdo=
-33,-13,y2411vIGrKOoEinodJqYFSpnke8=,zGJeITm/tyGBu0i2vBgBVAirh2k=
-33,-12,y2411vIGrKOoEinodJqYFSpnke8=,zGJeITm/tyGBu0i2vBgBVAirh2k=
-33,-15,y2411vIGrKOoEinodJqYFSpnke8=,zGJeITm/tyGBu0i2vBgBVAirh2k=
-41,-1,y2411vIGrKOoEinodJqYFSpnke8=,sLhnerFhH9dzH62vTPxLV/WGsdo=
-40,-1,y2411vIGrKOoEinodJqYFSpnke8=,zGJeITm/tyGBu0i2vBgBVAirh2k=
-39,-1,y2411vIGrKOoEinodJqYFSpnke8=,zGJeITm/tyGBu0i2vBgBVAirh2k=
-34,-1,y2411vIGrKOoEinodJqYFSpnke8=,zGJeITm/tyGBu0i2vBgBVAirh2k=
-35,-1,y2411vIGrKOoEinodJqYFSpnke8=,zGJeITm/tyGBu0i2vBgBVAirh2k=
-36,-1,y2411vIGrKOoEinodJqYFSpnke8=,zGJeITm/tyGBu0i2vBgBVAirh2k=
-38,-1,y2411vIGrKOoEinodJqYFSpnke8=,zGJeITm/tyGBu0i2vBgBVAirh2k=
-37,-1,y2411vIGrKOoEinodJqYFSpnke8=,zGJeITm/tyGBu0i2vBgBVAirh2k=
-48,-6,y2411vIGrKOoEinodJqYFSpnke8=,sLhnerFhH9dzH62vTPxLV/WGsdo=
-48,-5,y2411vIGrKOoEinodJqYFSpnke8=,sLhnerFhH9dzH62vTPxLV/WGsdo=
-48,-4,y2411vIGrKOoEinodJqYFSpnke8=,sLhnerFhH9dzH62vTPxLV/WGsdo=
-48,-7,y2411vIGrKOoEinodJqYFSpnke8=,sLhnerFhH9dzH62vTPxLV/WGsdo=
-48,-3,y2411vIGrKOoEinodJqYFSpnke8=,sLhnerFhH9dzH62vTPxLV/WGsdo=
-48,-2,y2411vIGrKOoEinodJqYFSpnke8=,sLhnerFhH9dzH62vTPxLV/WGsdo=
-48,-13,y2411vIGrKOoEinodJqYFSpnke8=,hmLHAch75q0vga82pD9qBDM8snU=
-48,-14,y2411vIGrKOoEinodJqYFSpnke8=,hmLHAch75q0vga82pD9qBDM8snU=
-48,-12,y2411vIGrKOoEinodJqYFSpnke8=,hmLHAch75q0vga82pD9qBDM8snU=
-48,-15,y2411vIGrKOoEinodJqYFSpnke8=,hmLHAch75q0vga82pD9qBDM8snU=
-48,-10,Vq5iTllfS4hIKvt1g+SHpQJAh1w=,hmLHAch75q0vga82pD9qBDM8snU=
-48,-8,Vq5iTllfS4hIKvt1g+SHpQJAh1w=,sLhnerFhH9dzH62vTPxLV/WGsdo=
-47,-16,Vq5iTllfS4hIKvt1g+SHpQJAh1w=,hmLHAch75q0vga82pD9qBDM8snU=
-48,-9,Vq5iTllfS4hIKvt1g+SHpQJAh1w=,hmLHAch75q0vga82pD9qBDM8snU=
-48,-11,Vq5iTllfS4hIKvt1g+SHpQJAh1w=,hmLHAch75q0vga82pD9qBDM8snU=
-42,-16,Vq5iTllfS4hIKvt1g+SHpQJAh1w=,hmLHAch75q0vga82pD9qBDM8snU=
-43,-16,Vq5iTllfS4hIKvt1g+SHpQJAh1w=,hmLHAch75q0vga82pD9qBDM8snU=
-44,-16,Vq5iTllfS4hIKvt1g+SHpQJAh1w=,hmLHAch75q0vga82pD9qBDM8snU=
-46,-16,Vq5iTllfS4hIKvt1g+SHpQJAh1w=,hmLHAch75q0vga82pD9qBDM8snU=
-45,-16,Vq5iTllfS4hIKvt1g+SHpQJAh1w=,hmLHAch75q0vga82pD9qBDM8snU=
-36,-16,Vq5iTllfS4hIKvt1g+SHpQJAh1w=,zGJeITm/tyGBu0i2vBgBVAirh2k=
-41,-16,Vq5iTllfS4hIKvt1g+SHpQJAh1w=,hmLHAch75q0vga82pD9qBDM8snU=
-34,-16,Vq5iTllfS4hIKvt1g+SHpQJAh1w=,zGJeITm/tyGBu0i2vBgBVAirh2k=
-37,-16,Vq5iTllfS4hIKvt1g+SHpQJAh1w=,zGJeITm/tyGBu0i2vBgBVAirh2k=
-35,-16,Vq5iTllfS4hIKvt1g+SHpQJAh1w=,zGJeITm/tyGBu0i2vBgBVAirh2k=
-40,-16,Vq5iTllfS4hIKvt1g+SHpQJAh1w=,zGJeITm/tyGBu0i2vBgBVAirh2k=
-39,-16,Vq5iTllfS4hIKvt1g+SHpQJAh1w=,zGJeITm/tyGBu0i2vBgBVAirh2k=
-38,-16,Vq5iTllfS4hIKvt1g+SHpQJAh1w=,zGJeITm/tyGBu0i2vBgBVAirh2k=
-33,-16,Vq5iTllfS4hIKvt1g+SHpQJAh1w=,zGJeITm/tyGBu0i2vBgBVAirh2k=
-48,-16,Vq5iTllfS4hIKvt1g+SHpQJAh1w=,hmLHAch75q0vga82pD9qBDM8snU=
-48,-1,Vq5iTllfS4hIKvt1g+SHpQJAh1w=,sLhnerFhH9dzH62vTPxLV/WGsdo=
-33,-1,Vq5iTllfS4hIKvt1g+SHpQJAh1w=,zGJeITm/tyGBu0i2vBgBVAirh2k=
-39,-31,Vq5iTllfS4hIKvt1g+SHpQJAh1w=,B52DgIVuKVwLBNtGfT/IgVX+rHI=
-38,-31,Vq5iTllfS4hIKvt1g+SHpQJAh1w=,B52DgIVuKVwLBNtGfT/IgVX+rHI=
-37,-31,Vq5iTllfS4hIKvt1g+SHpQJAh1w=,B52DgIVuKVwLBNtGfT/IgVX+rHI=
-36,-31,Vq5iTllfS4hIKvt1g+SHpQJAh1w=,B52DgIVuKVwLBNtGfT/IgVX+rHI=
-34,-26,Vq5iTllfS4hIKvt1g+SHpQJAh1w=,B52DgIVuKVwLBNtGfT/IgVX+rHI=
-35,-26,Vq5iTllfS4hIKvt1g+SHpQJAh1w=,B52DgIVuKVwLBNtGfT/IgVX+rHI=
-36,-26,Vq5iTllfS4hIKvt1g+SHpQJAh1w=,B52DgIVuKVwLBNtGfT/IgVX+rHI=
-34,-27,Vq5iTllfS4hIKvt1g+SHpQJAh1w=,B52DgIVuKVwLBNtGfT/IgVX+rHI=
-38,-26,Vq5iTllfS4hIKvt1g+SHpQJAh1w=,B52DgIVuKVwLBNtGfT/IgVX+rHI=
-39,-26,Vq5iTllfS4hIKvt1g+SHpQJAh1w=,B52DgIVuKVwLBNtGfT/IgVX+rHI=
-37,-26,Vq5iTllfS4hIKvt1g+SHpQJAh1w=,B52DgIVuKVwLBNtGfT/IgVX+rHI=
-35,-31,Vq5iTllfS4hIKvt1g+SHpQJAh1w=,B52DgIVuKVwLBNtGfT/IgVX+rHI=
-35,-27,Vq5iTllfS4hIKvt1g+SHpQJAh1w=,B52DgIVuKVwLBNtGfT/IgVX+rHI=
-36,-27,Vq5iTllfS4hIKvt1g+SHpQJAh1w=,B52DgIVuKVwLBNtGfT/IgVX+rHI=
-34,-28,Vq5iTllfS4hIKvt1g+SHpQJAh1w=,B52DgIVuKVwLBNtGfT/IgVX+rHI=
-38,-27,Vq5iTllfS4hIKvt1g+SHpQJAh1w=,B52DgIVuKVwLBNtGfT/IgVX+rHI=
-37,-27,Vq5iTllfS4hIKvt1g+SHpQJAh1w=,B52DgIVuKVwLBNtGfT/IgVX+rHI=
-35,-28,Vq5iTllfS4hIKvt1g+SHpQJAh1w=,B52DgIVuKVwLBNtGfT/IgVX+rHI=
-39,-27,Vq5iTllfS4hIKvt1g+SHpQJAh1w=,B52DgIVuKVwLBNtGfT/IgVX+rHI=
-34,-31,Vq5iTllfS4hIKvt1g+SHpQJAh1w=,B52DgIVuKVwLBNtGfT/IgVX+rHI=
-39,-30,Vq5iTllfS4hIKvt1g+SHpQJAh1w=,B52DgIVuKVwLBNtGfT/IgVX+rHI=
-38,-30,Vq5iTllfS4hIKvt1g+SHpQJAh1w=,B52DgIVuKVwLBNtGfT/IgVX+rHI=
-37,-30,Vq5iTllfS4hIKvt1g+SHpQJAh1w=,B52DgIVuKVwLBNtGfT/IgVX+rHI=
-36,-30,Vq5iTllfS4hIKvt1g+SHpQJAh1w=,B52DgIVuKVwLBNtGfT/IgVX+rHI=
-35,-30,Vq5iTllfS4hIKvt1g+SHpQJAh1w=,B52DgIVuKVwLBNtGfT/IgVX+rHI=
-34,-30,Vq5iTllfS4hIKvt1g+SHpQJAh1w=,B52DgIVuKVwLBNtGfT/IgVX+rHI=
-39,-29,Vq5iTllfS4hIKvt1g+SHpQJAh1w=,B52DgIVuKVwLBNtGfT/IgVX+rHI=
-38,-29,Vq5iTllfS4hIKvt1g+SHpQJAh1w=,B52DgIVuKVwLBNtGfT/IgVX+rHI=
-37,-29,Vq5iTllfS4hIKvt1g+SHpQJAh1w=,B52DgIVuKVwLBNtGfT/IgVX+rHI=
-36,-29,Vq5iTllfS4hIKvt1g+SHpQJAh1w=,B52DgIVuKVwLBNtGfT/IgVX+rHI=
-35,-29,Vq5iTllfS4hIKvt1g+SHpQJAh1w=,B52DgIVuKVwLBNtGfT/IgVX+rHI=
-34,-29,Vq5iTllfS4hIKvt1g+SHpQJAh1w=,B52DgIVuKVwLBNtGfT/IgVX+rHI=
-39,-28,Vq5iTllfS4hIKvt1g+SHpQJAh1w=,B52DgIVuKVwLBNtGfT/IgVX+rHI=
-38,-28,Vq5iTllfS4hIKvt1g+SHpQJAh1w=,B52DgIVuKVwLBNtGfT/IgVX+rHI=
-37,-28,Vq5iTllfS4hIKvt1g+SHpQJAh1w=,B52DgIVuKVwLBNtGfT/IgVX+rHI=
-36,-28,Vq5iTllfS4hIKvt1g+SHpQJAh1w=,B52DgIVuKVwLBNtGfT/IgVX+rHI=
-48,-27,Vq5iTllfS4hIKvt1g+SHpQJAh1w=,hmLHAch75q0vga82pD9qBDM8snU=
-47,-27,Vq5iTllfS4hIKvt1g+SHpQJAh1w=,hmLHAch75q0vga82pD9qBDM8snU=
-46,-27,Vq5iTllfS4hIKvt1g+SHpQJAh1w=,hmLHAch75q0vga82pD9qBDM8snU=
-45,-27,Vq5iTllfS4hIKvt1g+SHpQJAh1w=,hmLHAch75q0vga82pD9qBDM8snU=
-41,-28,Vq5iTllfS4hIKvt1g+SHpQJAh1w=,hmLHAch75q0vga82pD9qBDM8snU=
-43,-28,Vq5iTllfS4hIKvt1g+SHpQJAh1w=,hmLHAch75q0vga82pD9qBDM8snU=
-44,-28,Vq5iTllfS4hIKvt1g+SHpQJAh1w=,hmLHAch75q0vga82pD9qBDM8snU=
-42,-28,Vq5iTllfS4hIKvt1g+SHpQJAh1w=,hmLHAch75q0vga82pD9qBDM8snU=
-47,-28,Vq5iTllfS4hIKvt1g+SHpQJAh1w=,hmLHAch75q0vga82pD9qBDM8snU=
-48,-28,Vq5iTllfS4hIKvt1g+SHpQJAh1w=,hmLHAch75q0vga82pD9qBDM8snU=
-45,-28,Vq5iTllfS4hIKvt1g+SHpQJAh1w=,hmLHAch75q0vga82pD9qBDM8snU=
-40,-27,Vq5iTllfS4hIKvt1g+SHpQJAh1w=,B52DgIVuKVwLBNtGfT/IgVX+rHI=
-46,-28,Vq5iTllfS4hIKvt1g+SHpQJAh1w=,hmLHAch75q0vga82pD9qBDM8snU=
-40,-26,Vq5iTllfS4hIKvt1g+SHpQJAh1w=,B52DgIVuKVwLBNtGfT/IgVX+rHI=
-46,-29,Vq5iTllfS4hIKvt1g+SHpQJAh1w=,hmLHAch75q0vga82pD9qBDM8snU=
-44,-29,Vq5iTllfS4hIKvt1g+SHpQJAh1w=,hmLHAch75q0vga82pD9qBDM8snU=
-45,-29,Vq5iTllfS4hIKvt1g+SHpQJAh1w=,hmLHAch75q0vga82pD9qBDM8snU=
-41,-29,Vq5iTllfS4hIKvt1g+SHpQJAh1w=,hmLHAch75q0vga82pD9qBDM8snU=
-42,-29,Vq5iTllfS4hIKvt1g+SHpQJAh1w=,hmLHAch75q0vga82pD9qBDM8snU=
-48,-29,Vq5iTllfS4hIKvt1g+SHpQJAh1w=,hmLHAch75q0vga82pD9qBDM8snU=
-44,-30,Vq5iTllfS4hIKvt1g+SHpQJAh1w=,hmLHAch75q0vga82pD9qBDM8snU=
-47,-29,Vq5iTllfS4hIKvt1g+SHpQJAh1w=,hmLHAch75q0vga82pD9qBDM8snU=
-45,-30,Vq5iTllfS4hIKvt1g+SHpQJAh1w=,hmLHAch75q0vga82pD9qBDM8snU=
-46,-30,Vq5iTllfS4hIKvt1g+SHpQJAh1w=,hmLHAch75q0vga82pD9qBDM8snU=
-47,-30,Vq5iTllfS4hIKvt1g+SHpQJAh1w=,hmLHAch75q0vga82pD9qBDM8snU=
-43,-29,Vq5iTllfS4hIKvt1g+SHpQJAh1w=,hmLHAch75q0vga82pD9qBDM8snU=
-48,-30,Vq5iTllfS4hIKvt1g+SHpQJAh1w=,hmLHAch75q0vga82pD9qBDM8snU=
-40,-28,Vq5iTllfS4hIKvt1g+SHpQJAh1w=,B52DgIVuKVwLBNtGfT/IgVX+rHI=
-41,-30,Vq5iTllfS4hIKvt1g+SHpQJAh1w=,hmLHAch75q0vga82pD9qBDM8snU=
-42,-30,Vq5iTllfS4hIKvt1g+SHpQJAh1w=,hmLHAch75q0vga82pD9qBDM8snU=
-44,-31,Vq5iTllfS4hIKvt1g+SHpQJAh1w=,hmLHAch75q0vga82pD9qBDM8snU=
-45,-31,Vq5iTllfS4hIKvt1g+SHpQJAh1w=,hmLHAch75q0vga82pD9qBDM8snU=
-46,-31,Vq5iTllfS4hIKvt1g+SHpQJAh1w=,hmLHAch75q0vga82pD9qBDM8snU=
-47,-31,Vq5iTllfS4hIKvt1g+SHpQJAh1w=,hmLHAch75q0vga82pD9qBDM8snU=
-48,-31,Vq5iTllfS4hIKvt1g+SHpQJAh1w=,hmLHAch75q0vga82pD9qBDM8snU=
-41,-31,Vq5iTllfS4hIKvt1g+SHpQJAh1w=,hmLHAch75q0vga82pD9qBDM8snU=
-43,-30,Vq5iTllfS4hIKvt1g+SHpQJAh1w=,hmLHAch75q0vga82pD9qBDM8snU=
-40,-29,Vq5iTllfS4hIKvt1g+SHpQJAh1w=,B52DgIVuKVwLBNtGfT/IgVX+rHI=
-40,-30,Vq5iTllfS4hIKvt1g+SHpQJAh1w=,B52DgIVuKVwLBNtGfT/IgVX+rHI=
-42,-31,Vq5iTllfS4hIKvt1g+SHpQJAh1w=,hmLHAch75q0vga82pD9qBDM8snU=
-43,-31,Vq5iTllfS4hIKvt1g+SHpQJAh1w=,hmLHAch75q0vga82pD9qBDM8snU=
-40,-31,Vq5iTllfS4hIKvt1g+SHpQJAh1w=,B52DgIVuKVwLBNtGfT/IgVX+rHI=
-41,-26,Vq5iTllfS4hIKvt1g+SHpQJAh1w=,hmLHAch75q0vga82pD9qBDM8snU=
-44,-26,Vq5iTllfS4hIKvt1g+SHpQJAh1w=,hmLHAch75q0vga82pD9qBDM8snU=
-45,-26,Vq5iTllfS4hIKvt1g+SHpQJAh1w=,hmLHAch75q0vga82pD9qBDM8snU=
-42,-26,Vq5iTllfS4hIKvt1g+SHpQJAh1w=,hmLHAch75q0vga82pD9qBDM8snU=
-43,-26,Vq5iTllfS4hIKvt1g+SHpQJAh1w=,hmLHAch75q0vga82pD9qBDM8snU=
-46,-26,Vq5iTllfS4hIKvt1g+SHpQJAh1w=,hmLHAch75q0vga82pD9qBDM8snU=
-47,-26,Vq5iTllfS4hIKvt1g+SHpQJAh1w=,hmLHAch75q0vga82pD9qBDM8snU=
-48,-26,Vq5iTllfS4hIKvt1g+SHpQJAh1w=,hmLHAch75q0vga82pD9qBDM8snU=
-41,-27,Vq5iTllfS4hIKvt1g+SHpQJAh1w=,hmLHAch75q0vga82pD9qBDM8snU=
-42,-27,Vq5iTllfS4hIKvt1g+SHpQJAh1w=,hmLHAch75q0vga82pD9qBDM8snU=
-43,-27,Vq5iTllfS4hIKvt1g+SHpQJAh1w=,hmLHAch75q0vga82pD9qBDM8snU=
-47,-32,Vq5iTllfS4hIKvt1g+SHpQJAh1w=,hmLHAch75q0vga82pD9qBDM8snU=
-46,-32,Vq5iTllfS4hIKvt1g+SHpQJAh1w=,hmLHAch75q0vga82pD9qBDM8snU=
-45,-32,Vq5iTllfS4hIKvt1g+SHpQJAh1w=,hmLHAch75q0vga82pD9qBDM8snU=
-44,-32,Vq5iTllfS4hIKvt1g+SHpQJAh1w=,hmLHAch75q0vga82pD9qBDM8snU=
-43,-32,Vq5iTllfS4hIKvt1g+SHpQJAh1w=,hmLHAch75q0vga82pD9qBDM8snU=
-45,-21,Vq5iTllfS4hIKvt1g+SHpQJAh1w=,hmLHAch75q0vga82pD9qBDM8snU=
-44,-21,Vq5iTllfS4hIKvt1g+SHpQJAh1w=,hmLHAch75q0vga82pD9qBDM8snU=
-42,-32,Vq5iTllfS4hIKvt1g+SHpQJAh1w=,hmLHAch75q0vga82pD9qBDM8snU=
-47,-21,Vq5iTllfS4hIKvt1g+SHpQJAh1w=,hmLHAch75q0vga82pD9qBDM8snU=
-46,-21,Vq5iTllfS4hIKvt1g+SHpQJAh1w=,hmLHAch75q0vga82pD9qBDM8snU=
-43,-21,Vq5iTllfS4hIKvt1g+SHpQJAh1w=,hmLHAch75q0vga82pD9qBDM8snU=
-44,-27,Vq5iTllfS4hIKvt1g+SHpQJAh1w=,hmLHAch75q0vga82pD9qBDM8snU=
-42,-17,Vq5iTllfS4hIKvt1g+SHpQJAh1w=,hmLHAch75q0vga82pD9qBDM8snU=
-44,-17,Vq5iTllfS4hIKvt1g+SHpQJAh1w=,hmLHAch75q0vga82pD9qBDM8snU=
-45,-17,Vq5iTllfS4hIKvt1g+SHpQJAh1w=,hmLHAch75q0vga82pD9qBDM8snU=
-36,-17,Vq5iTllfS4hIKvt1g+SHpQJAh1w=,B52DgIVuKVwLBNtGfT/IgVX+rHI=
-43,-17,Vq5iTllfS4hIKvt1g+SHpQJAh1w=,hmLHAch75q0vga82pD9qBDM8snU=
-35,-18,Vq5iTllfS4hIKvt1g+SHpQJAh1w=,B52DgIVuKVwLBNtGfT/IgVX+rHI=
-46,-17,Vq5iTllfS4hIKvt1g+SHpQJAh1w=,hmLHAch75q0vga82pD9qBDM8snU=
-42,-21,Vq5iTllfS4hIKvt1g+SHpQJAh1w=,hmLHAch75q0vga82pD9qBDM8snU=
-37,-25,Vq5iTllfS4hIKvt1g+SHpQJAh1w=,B52DgIVuKVwLBNtGfT/IgVX+rHI=
-36,-25,Vq5iTllfS4hIKvt1g+SHpQJAh1w=,B52DgIVuKVwLBNtGfT/IgVX+rHI=
-33,-21,Vq5iTllfS4hIKvt1g+SHpQJAh1w=,B52DgIVuKVwLBNtGfT/IgVX+rHI=
-38,-25,Vq5iTllfS4hIKvt1g+SHpQJAh1w=,B52DgIVuKVwLBNtGfT/IgVX+rHI=
-39,-25,Vq5iTllfS4hIKvt1g+SHpQJAh1w=,B52DgIVuKVwLBNtGfT/IgVX+rHI=
-33,-20,Vq5iTllfS4hIKvt1g+SHpQJAh1w=,B52DgIVuKVwLBNtGfT/IgVX+rHI=
-48,-20,Vq5iTllfS4hIKvt1g+SHpQJAh1w=,hmLHAch75q0vga82pD9qBDM8snU=
-40,-25,Vq5iTllfS4hIKvt1g+SHpQJAh1w=,B52DgIVuKVwLBNtGfT/IgVX+rHI=
-34,-18,Vq5iTllfS4hIKvt1g+SHpQJAh1w=,B52DgIVuKVwLBNtGfT/IgVX+rHI=
-35,-20,Vq5iTllfS4hIKvt1g+SHpQJAh1w=,B52DgIVuKVwLBNtGfT/IgVX+rHI=
-42,-22,Vq5iTllfS4hIKvt1g+SHpQJAh1w=,hmLHAch75q0vga82pD9qBDM8snU=
-34,-20,Vq5iTllfS4hIKvt1g+SHpQJAh1w=,B52DgIVuKVwLBNtGfT/IgVX+rHI=
-48,-25,Vq5iTllfS4hIKvt1g+SHpQJAh1w=,hmLHAch75q0vga82pD9qBDM8snU=
-43,-22,Vq5iTllfS4hIKvt1g+SHpQJAh1w=,hmLHAch75q0vga82pD9qBDM8snU=
-38,-24,Vq5iTllfS4hIKvt1g+SHpQJAh1w=,B52DgIVuKVwLBNtGfT/IgVX+rHI=
-34,-19,Vq5iTllfS4hIKvt1g+SHpQJAh1w=,B52DgIVuKVwLBNtGfT/IgVX+rHI=
-47,-17,Vq5iTllfS4hIKvt1g+SHpQJAh1w=,hmLHAch75q0vga82pD9qBDM8snU=
-35,-19,Vq5iTllfS4hIKvt1g+SHpQJAh1w=,B52DgIVuKVwLBNtGfT/IgVX+rHI=
-47,-20,Vq5iTllfS4hIKvt1g+SHpQJAh1w=,hmLHAch75q0vga82pD9qBDM8snU=
-41,-17,Vq5iTllfS4hIKvt1g+SHpQJAh1w=,hmLHAch75q0vga82pD9qBDM8snU=
-39,-21,Vq5iTllfS4hIKvt1g+SHpQJAh1w=,B52DgIVuKVwLBNtGfT/IgVX+rHI=
-36,-19,Vq5iTllfS4hIKvt1g+SHpQJAh1w=,B52DgIVuKVwLBNtGfT/IgVX+rHI=
-35,-17,Vq5iTllfS4hIKvt1g+SHpQJAh1w=,B52DgIVuKVwLBNtGfT/IgVX+rHI=
-42,-18,Vq5iTllfS4hIKvt1g+SHpQJAh1w=,hmLHAch75q0vga82pD9qBDM8snU=
-46,-20,Vq5iTllfS4hIKvt1g+SHpQJAh1w=,hmLHAch75q0vga82pD9qBDM8snU=
-44,-22,Vq5iTllfS4hIKvt1g+SHpQJAh1w=,hmLHAch75q0vga82pD9qBDM8snU=
-36,-20,Vq5iTllfS4hIKvt1g+SHpQJAh1w=,B52DgIVuKVwLBNtGfT/IgVX+rHI=
-48,-21,Vq5iTllfS4hIKvt1g+SHpQJAh1w=,hmLHAch75q0vga82pD9qBDM8snU=
-37,-20,Vq5iTllfS4hIKvt1g+SHpQJAh1w=,B52DgIVuKVwLBNtGfT/IgVX+rHI=
-38,-20,Vq5iTllfS4hIKvt1g+SHpQJAh1w=,B52DgIVuKVwLBNtGfT/IgVX+rHI=
-34,-17,Vq5iTllfS4hIKvt1g+SHpQJAh1w=,B52DgIVuKVwLBNtGfT/IgVX+rHI=
-39,-20,Vq5iTllfS4hIKvt1g+SHpQJAh1w=,B52DgIVuKVwLBNtGfT/IgVX+rHI=
-47,-25,Vq5iTllfS4hIKvt1g+SHpQJAh1w=,hmLHAch75q0vga82pD9qBDM8snU=
-39,-24,Vq5iTllfS4hIKvt1g+SHpQJAh1w=,B52DgIVuKVwLBNtGfT/IgVX+rHI=
-37,-19,Vq5iTllfS4hIKvt1g+SHpQJAh1w=,B52DgIVuKVwLBNtGfT/IgVX+rHI=
-43,-18,Vq5iTllfS4hIKvt1g+SHpQJAh1w=,hmLHAch75q0vga82pD9qBDM8snU=
-39,-19,Vq5iTllfS4hIKvt1g+SHpQJAh1w=,B52DgIVuKVwLBNtGfT/IgVX+rHI=
-40,-24,Vq5iTllfS4hIKvt1g+SHpQJAh1w=,B52DgIVuKVwLBNtGfT/IgVX+rHI=
-38,-19,Vq5iTllfS4hIKvt1g+SHpQJAh1w=,B52DgIVuKVwLBNtGfT/IgVX+rHI=
-46,-25,Vq5iTllfS4hIKvt1g+SHpQJAh1w=,hmLHAch75q0vga82pD9qBDM8snU=
-44,-18,Vq5iTllfS4hIKvt1g+SHpQJAh1w=,hmLHAch75q0vga82pD9qBDM8snU=
-41,-22,Vq5iTllfS4hIKvt1g+SHpQJAh1w=,hmLHAch75q0vga82pD9qBDM8snU=
-37,-17,Vq5iTllfS4hIKvt1g+SHpQJAh1w=,B52DgIVuKVwLBNtGfT/IgVX+rHI=
-40,-19,Vq5iTllfS4hIKvt1g+SHpQJAh1w=,B52DgIVuKVwLBNtGfT/IgVX+rHI=
-35,-25,Vq5iTllfS4hIKvt1g+SHpQJAh1w=,B52DgIVuKVwLBNtGfT/IgVX+rHI=
-34,-21,Vq5iTllfS4hIKvt1g+SHpQJAh1w=,B52DgIVuKVwLBNtGfT/IgVX+rHI=
-45,-25,Vq5iTllfS4hIKvt1g+SHpQJAh1w=,hmLHAch75q0vga82pD9qBDM8snU=
-45,-22,Vq5iTllfS4hIKvt1g+SHpQJAh1w=,hmLHAch75q0vga82pD9qBDM8snU=
-35,-21,Vq5iTllfS4hIKvt1g+SHpQJAh1w=,B52DgIVuKVwLBNtGfT/IgVX+rHI=
-36,-23,Vq5iTllfS4hIKvt1g+SHpQJAh1w=,B52DgIVuKVwLBNtGfT/IgVX+rHI=
-36,-18,Vq5iTllfS4hIKvt1g+SHpQJAh1w=,B52DgIVuKVwLBNtGfT/IgVX+rHI=
-40,-20,Vq5iTllfS4hIKvt1g+SHpQJAh1w=,B52DgIVuKVwLBNtGfT/IgVX+rHI=
-40,-21,Vq5iTllfS4hIKvt1g+SHpQJAh1w=,B52DgIVuKVwLBNtGfT/IgVX+rHI=
-44,-25,Vq5iTllfS4hIKvt1g+SHpQJAh1w=,hmLHAch75q0vga82pD9qBDM8snU=
-38,-17,Vq5iTllfS4hIKvt1g+SHpQJAh1w=,B52DgIVuKVwLBNtGfT/IgVX+rHI=
-45,-18,Vq5iTllfS4hIKvt1g+SHpQJAh1w=,hmLHAch75q0vga82pD9qBDM8snU=
-39,-17,Vq5iTllfS4hIKvt1g+SHpQJAh1w=,B52DgIVuKVwLBNtGfT/IgVX+rHI=
-41,-18,Vq5iTllfS4hIKvt1g+SHpQJAh1w=,hmLHAch75q0vga82pD9qBDM8snU=
-37,-18,Vq5iTllfS4hIKvt1g+SHpQJAh1w=,B52DgIVuKVwLBNtGfT/IgVX+rHI=
-35,-23,Vq5iTllfS4hIKvt1g+SHpQJAh1w=,B52DgIVuKVwLBNtGfT/IgVX+rHI=
-45,-20,Vq5iTllfS4hIKvt1g+SHpQJAh1w=,hmLHAch75q0vga82pD9qBDM8snU=
-33,-22,Vq5iTllfS4hIKvt1g+SHpQJAh1w=,B52DgIVuKVwLBNtGfT/IgVX+rHI=
-36,-21,Vq5iTllfS4hIKvt1g+SHpQJAh1w=,B52DgIVuKVwLBNtGfT/IgVX+rHI=
-41,-19,Vq5iTllfS4hIKvt1g+SHpQJAh1w=,hmLHAch75q0vga82pD9qBDM8snU=
-34,-22,Vq5iTllfS4hIKvt1g+SHpQJAh1w=,B52DgIVuKVwLBNtGfT/IgVX+rHI=
-37,-21,Vq5iTllfS4hIKvt1g+SHpQJAh1w=,B52DgIVuKVwLBNtGfT/IgVX+rHI=
-41,-21,Vq5iTllfS4hIKvt1g+SHpQJAh1w=,hmLHAch75q0vga82pD9qBDM8snU=
-43,-25,Vq5iTllfS4hIKvt1g+SHpQJAh1w=,hmLHAch75q0vga82pD9qBDM8snU=
-37,-23,Vq5iTllfS4hIKvt1g+SHpQJAh1w=,B52DgIVuKVwLBNtGfT/IgVX+rHI=
-46,-18,Vq5iTllfS4hIKvt1g+SHpQJAh1w=,hmLHAch75q0vga82pD9qBDM8snU=
-33,-19,Vq5iTllfS4hIKvt1g+SHpQJAh1w=,B52DgIVuKVwLBNtGfT/IgVX+rHI=
-37,-24,Vq5iTllfS4hIKvt1g+SHpQJAh1w=,B52DgIVuKVwLBNtGfT/IgVX+rHI=
-38,-23,Vq5iTllfS4hIKvt1g+SHpQJAh1w=,B52DgIVuKVwLBNtGfT/IgVX+rHI=
-42,-25,Vq5iTllfS4hIKvt1g+SHpQJAh1w=,hmLHAch75q0vga82pD9qBDM8snU=
-35,-22,Vq5iTllfS4hIKvt1g+SHpQJAh1w=,B52DgIVuKVwLBNtGfT/IgVX+rHI=
-40,-17,Vq5iTllfS4hIKvt1g+SHpQJAh1w=,B52DgIVuKVwLBNtGfT/IgVX+rHI=
-34,-25,Vq5iTllfS4hIKvt1g+SHpQJAh1w=,B52DgIVuKVwLBNtGfT/IgVX+rHI=
-41,-20,Vq5iTllfS4hIKvt1g+SHpQJAh1w=,hmLHAch75q0vga82pD9qBDM8snU=
-47,-18,Vq5iTllfS4hIKvt1g+SHpQJAh1w=,hmLHAch75q0vga82pD9qBDM8snU=
-34,-24,Vq5iTllfS4hIKvt1g+SHpQJAh1w=,B52DgIVuKVwLBNtGfT/IgVX+rHI=
-48,-24,Vq5iTllfS4hIKvt1g+SHpQJAh1w=,hmLHAch75q0vga82pD9qBDM8snU=
-48,-18,Vq5iTllfS4hIKvt1g+SHpQJAh1w=,hmLHAch75q0vga82pD9qBDM8snU=
-40,-23,Vq5iTllfS4hIKvt1g+SHpQJAh1w=,B52DgIVuKVwLBNtGfT/IgVX+rHI=
-38,-22,Vq5iTllfS4hIKvt1g+SHpQJAh1w=,B52DgIVuKVwLBNtGfT/IgVX+rHI=
-35,-24,Vq5iTllfS4hIKvt1g+SHpQJAh1w=,B52DgIVuKVwLBNtGfT/IgVX+rHI=
-41,-23,Vq5iTllfS4hIKvt1g+SHpQJAh1w=,hmLHAch75q0vga82pD9qBDM8snU=
-38,-18,Vq5iTllfS4hIKvt1g+SHpQJAh1w=,B52DgIVuKVwLBNtGfT/IgVX+rHI=
-47,-24,Vq5iTllfS4hIKvt1g+SHpQJAh1w=,hmLHAch75q0vga82pD9qBDM8snU=
-33,-18,Vq5iTllfS4hIKvt1g+SHpQJAh1w=,B52DgIVuKVwLBNtGfT/IgVX+rHI=
-41,-24,Vq5iTllfS4hIKvt1g+SHpQJAh1w=,hmLHAch75q0vga82pD9qBDM8snU=
-34,-23,Vq5iTllfS4hIKvt1g+SHpQJAh1w=,B52DgIVuKVwLBNtGfT/IgVX+rHI=
-36,-22,Vq5iTllfS4hIKvt1g+SHpQJAh1w=,B52DgIVuKVwLBNtGfT/IgVX+rHI=
-39,-18,Vq5iTllfS4hIKvt1g+SHpQJAh1w=,B52DgIVuKVwLBNtGfT/IgVX+rHI=
-41,-25,Vq5iTllfS4hIKvt1g+SHpQJAh1w=,hmLHAch75q0vga82pD9qBDM8snU=
-46,-24,Vq5iTllfS4hIKvt1g+SHpQJAh1w=,hmLHAch75q0vga82pD9qBDM8snU=
-33,-23,Vq5iTllfS4hIKvt1g+SHpQJAh1w=,B52DgIVuKVwLBNtGfT/IgVX+rHI=
-38,-21,Vq5iTllfS4hIKvt1g+SHpQJAh1w=,B52DgIVuKVwLBNtGfT/IgVX+rHI=
-42,-19,Vq5iTllfS4hIKvt1g+SHpQJAh1w=,hmLHAch75q0vga82pD9qBDM8snU=
-36,-24,Vq5iTllfS4hIKvt1g+SHpQJAh1w=,B52DgIVuKVwLBNtGfT/IgVX+rHI=
-37,-22,Vq5iTllfS4hIKvt1g+SHpQJAh1w=,B52DgIVuKVwLBNtGfT/IgVX+rHI=
-43,-19,Vq5iTllfS4hIKvt1g+SHpQJAh1w=,hmLHAch75q0vga82pD9qBDM8snU=
-40,-18,Vq5iTllfS4hIKvt1g+SHpQJAh1w=,B52DgIVuKVwLBNtGfT/IgVX+rHI=
-44,-19,Vq5iTllfS4hIKvt1g+SHpQJAh1w=,hmLHAch75q0vga82pD9qBDM8snU=
-39,-22,Vq5iTllfS4hIKvt1g+SHpQJAh1w=,B52DgIVuKVwLBNtGfT/IgVX+rHI=
-45,-19,Vq5iTllfS4hIKvt1g+SHpQJAh1w=,hmLHAch75q0vga82pD9qBDM8snU=
-40,-22,Vq5iTllfS4hIKvt1g+SHpQJAh1w=,B52DgIVuKVwLBNtGfT/IgVX+rHI=
-46,-22,Vq5iTllfS4hIKvt1g+SHpQJAh1w=,hmLHAch75q0vga82pD9qBDM8snU=
-45,-24,Vq5iTllfS4hIKvt1g+SHpQJAh1w=,hmLHAch75q0vga82pD9qBDM8snU=
-47,-22,Vq5iTllfS4hIKvt1g+SHpQJAh1w=,hmLHAch75q0vga82pD9qBDM8snU=
-48,-22,Vq5iTllfS4hIKvt1g+SHpQJAh1w=,hmLHAch75q0vga82pD9qBDM8snU=
-48,-19,Vq5iTllfS4hIKvt1g+SHpQJAh1w=,hmLHAch75q0vga82pD9qBDM8snU=
-46,-19,Vq5iTllfS4hIKvt1g+SHpQJAh1w=,hmLHAch75q0vga82pD9qBDM8snU=
-47,-19,Vq5iTllfS4hIKvt1g+SHpQJAh1w=,hmLHAch75q0vga82pD9qBDM8snU=
-42,-20,Vq5iTllfS4hIKvt1g+SHpQJAh1w=,hmLHAch75q0vga82pD9qBDM8snU=
-44,-24,Vq5iTllfS4hIKvt1g+SHpQJAh1w=,hmLHAch75q0vga82pD9qBDM8snU=
-43,-20,Vq5iTllfS4hIKvt1g+SHpQJAh1w=,hmLHAch75q0vga82pD9qBDM8snU=
-44,-20,Vq5iTllfS4hIKvt1g+SHpQJAh1w=,hmLHAch75q0vga82pD9qBDM8snU=
-43,-23,Vq5iTllfS4hIKvt1g+SHpQJAh1w=,hmLHAch75q0vga82pD9qBDM8snU=
-42,-23,Vq5iTllfS4hIKvt1g+SHpQJAh1w=,hmLHAch75q0vga82pD9qBDM8snU=
-45,-23,Vq5iTllfS4hIKvt1g+SHpQJAh1w=,hmLHAch75q0vga82pD9qBDM8snU=
-44,-23,Vq5iTllfS4hIKvt1g+SHpQJAh1w=,hmLHAch75q0vga82pD9qBDM8snU=
-43,-24,Vq5iTllfS4hIKvt1g+SHpQJAh1w=,hmLHAch75q0vga82pD9qBDM8snU=
-48,-23,Vq5iTllfS4hIKvt1g+SHpQJAh1w=,hmLHAch75q0vga82pD9qBDM8snU=
-47,-23,Vq5iTllfS4hIKvt1g+SHpQJAh1w=,hmLHAch75q0vga82pD9qBDM8snU=
-46,-23,Vq5iTllfS4hIKvt1g+SHpQJAh1w=,hmLHAch75q0vga82pD9qBDM8snU=
-42,-24,Vq5iTllfS4hIKvt1g+SHpQJAh1w=,hmLHAch75q0vga82pD9qBDM8snU=
-39,-23,Vq5iTllfS4hIKvt1g+SHpQJAh1w=,B52DgIVuKVwLBNtGfT/IgVX+rHI=
-48,-17,Vq5iTllfS4hIKvt1g+SHpQJAh1w=,hmLHAch75q0vga82pD9qBDM8snU=
-33,-25,Vq5iTllfS4hIKvt1g+SHpQJAh1w=,B52DgIVuKVwLBNtGfT/IgVX+rHI=
-33,-26,Vq5iTllfS4hIKvt1g+SHpQJAh1w=,B52DgIVuKVwLBNtGfT/IgVX+rHI=
-40,-32,Vq5iTllfS4hIKvt1g+SHpQJAh1w=,B52DgIVuKVwLBNtGfT/IgVX+rHI=
-33,-27,Vq5iTllfS4hIKvt1g+SHpQJAh1w=,B52DgIVuKVwLBNtGfT/IgVX+rHI=
-33,-32,Vq5iTllfS4hIKvt1g+SHpQJAh1w=,B52DgIVuKVwLBNtGfT/IgVX+rHI=
-39,-32,Vq5iTllfS4hIKvt1g+SHpQJAh1w=,B52DgIVuKVwLBNtGfT/IgVX+rHI=
-33,-28,Vq5iTllfS4hIKvt1g+SHpQJAh1w=,B52DgIVuKVwLBNtGfT/IgVX+rHI=
-41,-32,Vq5iTllfS4hIKvt1g+SHpQJAh1w=,hmLHAch75q0vga82pD9qBDM8snU=
-35,-32,Vq5iTllfS4hIKvt1g+SHpQJAh1w=,B52DgIVuKVwLBNtGfT/IgVX+rHI=
-34,-32,Vq5iTllfS4hIKvt1g+SHpQJAh1w=,B52DgIVuKVwLBNtGfT/IgVX+rHI=
-36,-32,Vq5iTllfS4hIKvt1g+SHpQJAh1w=,B52DgIVuKVwLBNtGfT/IgVX+rHI=
-38,-32,Vq5iTllfS4hIKvt1g+SHpQJAh1w=,B52DgIVuKVwLBNtGfT/IgVX+rHI=
-33,-29,Vq5iTllfS4hIKvt1g+SHpQJAh1w=,B52DgIVuKVwLBNtGfT/IgVX+rHI=
-37,-32,Vq5iTllfS4hIKvt1g+SHpQJAh1w=,B52DgIVuKVwLBNtGfT/IgVX+rHI=
-33,-31,Vq5iTllfS4hIKvt1g+SHpQJAh1w=,B52DgIVuKVwLBNtGfT/IgVX+rHI=
-33,-30,Vq5iTllfS4hIKvt1g+SHpQJAh1w=,B52DgIVuKVwLBNtGfT/IgVX+rHI=
-33,-24,Vq5iTllfS4hIKvt1g+SHpQJAh1w=,B52DgIVuKVwLBNtGfT/IgVX+rHI=
-48,-32,Vq5iTllfS4hIKvt1g+SHpQJAh1w=,hmLHAch75q0vga82pD9qBDM8snU=
-33,-17,Vq5iTllfS4hIKvt1g+SHpQJAh1w=,B52DgIVuKVwLBNtGfT/IgVX+rHI=
-60,-19,QvykGTdygStmfx56hnzHE7qv9BA=,RBlMUChVeUD4XEYYNHqL8sUqh1U=
-58,-20,QvykGTdygStmfx56hnzHE7qv9BA=,RBlMUChVeUD4XEYYNHqL8sUqh1U=
-61,-19,QvykGTdygStmfx56hnzHE7qv9BA=,RBlMUChVeUD4XEYYNHqL8sUqh1U=
-62,-19,QvykGTdygStmfx56hnzHE7qv9BA=,RBlMUChVeUD4XEYYNHqL8sUqh1U=
-64,-19,QvykGTdygStmfx56hnzHE7qv9BA=,RBlMUChVeUD4XEYYNHqL8sUqh1U=
-59,-19,QvykGTdygStmfx56hnzHE7qv9BA=,RBlMUChVeUD4XEYYNHqL8sUqh1U=
-63,-19,QvykGTdygStmfx56hnzHE7qv9BA=,RBlMUChVeUD4XEYYNHqL8sUqh1U=
-58,-19,QvykGTdygStmfx56hnzHE7qv9BA=,RBlMUChVeUD4XEYYNHqL8sUqh1U=
-63,-24,QvykGTdygStmfx56hnzHE7qv9BA=,RBlMUChVeUD4XEYYNHqL8sUqh1U=
-64,-24,QvykGTdygStmfx56hnzHE7qv9BA=,RBlMUChVeUD4XEYYNHqL8sUqh1U=
-59,-20,QvykGTdygStmfx56hnzHE7qv9BA=,RBlMUChVeUD4XEYYNHqL8sUqh1U=
-60,-20,QvykGTdygStmfx56hnzHE7qv9BA=,RBlMUChVeUD4XEYYNHqL8sUqh1U=
-61,-20,QvykGTdygStmfx56hnzHE7qv9BA=,RBlMUChVeUD4XEYYNHqL8sUqh1U=
-62,-20,QvykGTdygStmfx56hnzHE7qv9BA=,RBlMUChVeUD4XEYYNHqL8sUqh1U=
-64,-20,QvykGTdygStmfx56hnzHE7qv9BA=,RBlMUChVeUD4XEYYNHqL8sUqh1U=
-63,-20,QvykGTdygStmfx56hnzHE7qv9BA=,RBlMUChVeUD4XEYYNHqL8sUqh1U=
-64,-18,QvykGTdygStmfx56hnzHE7qv9BA=,RBlMUChVeUD4XEYYNHqL8sUqh1U=
-63,-18,QvykGTdygStmfx56hnzHE7qv9BA=,RBlMUChVeUD4XEYYNHqL8sUqh1U=
-62,-18,QvykGTdygStmfx56hnzHE7qv9BA=,RBlMUChVeUD4XEYYNHqL8sUqh1U=
-61,-18,QvykGTdygStmfx56hnzHE7qv9BA=,RBlMUChVeUD4XEYYNHqL8sUqh1U=
-62,-24,QvykGTdygStmfx56hnzHE7qv9BA=,RBlMUChVeUD4XEYYNHqL8sUqh1U=
-58,-21,QvykGTdygStmfx56hnzHE7qv9BA=,RBlMUChVeUD4XEYYNHqL8sUqh1U=
-59,-21,QvykGTdygStmfx56hnzHE7qv9BA=,RBlMUChVeUD4XEYYNHqL8sUqh1U=
-60,-21,QvykGTdygStmfx56hnzHE7qv9BA=,RBlMUChVeUD4XEYYNHqL8sUqh1U=
-61,-21,QvykGTdygStmfx56hnzHE7qv9BA=,RBlMUChVeUD4XEYYNHqL8sUqh1U=
-62,-21,QvykGTdygStmfx56hnzHE7qv9BA=,RBlMUChVeUD4XEYYNHqL8sUqh1U=
-63,-21,QvykGTdygStmfx56hnzHE7qv9BA=,RBlMUChVeUD4XEYYNHqL8sUqh1U=
-58,-22,QvykGTdygStmfx56hnzHE7qv9BA=,RBlMUChVeUD4XEYYNHqL8sUqh1U=
-64,-21,QvykGTdygStmfx56hnzHE7qv9BA=,RBlMUChVeUD4XEYYNHqL8sUqh1U=
-60,-22,QvykGTdygStmfx56hnzHE7qv9BA=,RBlMUChVeUD4XEYYNHqL8sUqh1U=
-61,-22,QvykGTdygStmfx56hnzHE7qv9BA=,RBlMUChVeUD4XEYYNHqL8sUqh1U=
-62,-22,QvykGTdygStmfx56hnzHE7qv9BA=,RBlMUChVeUD4XEYYNHqL8sUqh1U=
-59,-22,QvykGTdygStmfx56hnzHE7qv9BA=,RBlMUChVeUD4XEYYNHqL8sUqh1U=
-63,-22,QvykGTdygStmfx56hnzHE7qv9BA=,RBlMUChVeUD4XEYYNHqL8sUqh1U=
-64,-22,QvykGTdygStmfx56hnzHE7qv9BA=,RBlMUChVeUD4XEYYNHqL8sUqh1U=
-58,-23,QvykGTdygStmfx56hnzHE7qv9BA=,RBlMUChVeUD4XEYYNHqL8sUqh1U=
-59,-23,QvykGTdygStmfx56hnzHE7qv9BA=,RBlMUChVeUD4XEYYNHqL8sUqh1U=
-60,-18,QvykGTdygStmfx56hnzHE7qv9BA=,RBlMUChVeUD4XEYYNHqL8sUqh1U=
-58,-17,QvykGTdygStmfx56hnzHE7qv9BA=,RBlMUChVeUD4XEYYNHqL8sUqh1U=
-59,-18,QvykGTdygStmfx56hnzHE7qv9BA=,RBlMUChVeUD4XEYYNHqL8sUqh1U=
-58,-18,QvykGTdygStmfx56hnzHE7qv9BA=,RBlMUChVeUD4XEYYNHqL8sUqh1U=
-61,-24,QvykGTdygStmfx56hnzHE7qv9BA=,RBlMUChVeUD4XEYYNHqL8sUqh1U=
-64,-17,QvykGTdygStmfx56hnzHE7qv9BA=,RBlMUChVeUD4XEYYNHqL8sUqh1U=
-63,-17,QvykGTdygStmfx56hnzHE7qv9BA=,RBlMUChVeUD4XEYYNHqL8sUqh1U=
-60,-23,QvykGTdygStmfx56hnzHE7qv9BA=,RBlMUChVeUD4XEYYNHqL8sUqh1U=
-62,-17,QvykGTdygStmfx56hnzHE7qv9BA=,RBlMUChVeUD4XEYYNHqL8sUqh1U=
-60,-24,QvykGTdygStmfx56hnzHE7qv9BA=,RBlMUChVeUD4XEYYNHqL8sUqh1U=
-59,-24,QvykGTdygStmfx56hnzHE7qv9BA=,RBlMUChVeUD4XEYYNHqL8sUqh1U=
-58,-24,QvykGTdygStmfx56hnzHE7qv9BA=,RBlMUChVeUD4XEYYNHqL8sUqh1U=
-61,-17,QvykGTdygStmfx56hnzHE7qv9BA=,RBlMUChVeUD4XEYYNHqL8sUqh1U=
-60,-17,QvykGTdygStmfx56hnzHE7qv9BA=,RBlMUChVeUD4XEYYNHqL8sUqh1U=
-64,-23,QvykGTdygStmfx56hnzHE7qv9BA=,RBlMUChVeUD4XEYYNHqL8sUqh1U=
-63,-23,QvykGTdygStmfx56hnzHE7qv9BA=,RBlMUChVeUD4XEYYNHqL8sUqh1U=
-62,-23,QvykGTdygStmfx56hnzHE7qv9BA=,RBlMUChVeUD4XEYYNHqL8sUqh1U=
-61,-23,QvykGTdygStmfx56hnzHE7qv9BA=,RBlMUChVeUD4XEYYNHqL8sUqh1U=
-59,-17,QvykGTdygStmfx56hnzHE7qv9BA=,RBlMUChVeUD4XEYYNHqL8sUqh1U=
-56,-32,QvykGTdygStmfx56hnzHE7qv9BA=,5WiCst/cxaJA3v6i6HYW6lqWcHo=
-55,-32,QvykGTdygStmfx56hnzHE7qv9BA=,5WiCst/cxaJA3v6i6HYW6lqWcHo=
-53,-32,QvykGTdygStmfx56hnzHE7qv9BA=,5WiCst/cxaJA3v6i6HYW6lqWcHo=
-54,-32,QvykGTdygStmfx56hnzHE7qv9BA=,5WiCst/cxaJA3v6i6HYW6lqWcHo=
-52,-32,QvykGTdygStmfx56hnzHE7qv9BA=,5WiCst/cxaJA3v6i6HYW6lqWcHo=
-51,-32,QvykGTdygStmfx56hnzHE7qv9BA=,5WiCst/cxaJA3v6i6HYW6lqWcHo=
-50,-32,QvykGTdygStmfx56hnzHE7qv9BA=,5WiCst/cxaJA3v6i6HYW6lqWcHo=
-49,-32,QvykGTdygStmfx56hnzHE7qv9BA=,5WiCst/cxaJA3v6i6HYW6lqWcHo=
-56,-31,QvykGTdygStmfx56hnzHE7qv9BA=,5WiCst/cxaJA3v6i6HYW6lqWcHo=
-55,-31,QvykGTdygStmfx56hnzHE7qv9BA=,5WiCst/cxaJA3v6i6HYW6lqWcHo=
-54,-31,QvykGTdygStmfx56hnzHE7qv9BA=,5WiCst/cxaJA3v6i6HYW6lqWcHo=
-53,-31,QvykGTdygStmfx56hnzHE7qv9BA=,5WiCst/cxaJA3v6i6HYW6lqWcHo=
-52,-31,QvykGTdygStmfx56hnzHE7qv9BA=,5WiCst/cxaJA3v6i6HYW6lqWcHo=
-51,-31,QvykGTdygStmfx56hnzHE7qv9BA=,5WiCst/cxaJA3v6i6HYW6lqWcHo=
-50,-31,QvykGTdygStmfx56hnzHE7qv9BA=,5WiCst/cxaJA3v6i6HYW6lqWcHo=
-49,-31,QvykGTdygStmfx56hnzHE7qv9BA=,5WiCst/cxaJA3v6i6HYW6lqWcHo=
-55,-30,QvykGTdygStmfx56hnzHE7qv9BA=,5WiCst/cxaJA3v6i6HYW6lqWcHo=
-56,-30,QvykGTdygStmfx56hnzHE7qv9BA=,5WiCst/cxaJA3v6i6HYW6lqWcHo=
-54,-30,QvykGTdygStmfx56hnzHE7qv9BA=,5WiCst/cxaJA3v6i6HYW6lqWcHo=
-53,-30,QvykGTdygStmfx56hnzHE7qv9BA=,5WiCst/cxaJA3v6i6HYW6lqWcHo=
-52,-30,QvykGTdygStmfx56hnzHE7qv9BA=,5WiCst/cxaJA3v6i6HYW6lqWcHo=
-51,-30,QvykGTdygStmfx56hnzHE7qv9BA=,5WiCst/cxaJA3v6i6HYW6lqWcHo=
-50,-30,QvykGTdygStmfx56hnzHE7qv9BA=,5WiCst/cxaJA3v6i6HYW6lqWcHo=
-49,-30,QvykGTdygStmfx56hnzHE7qv9BA=,5WiCst/cxaJA3v6i6HYW6lqWcHo=
-56,-29,QvykGTdygStmfx56hnzHE7qv9BA=,5WiCst/cxaJA3v6i6HYW6lqWcHo=
-55,-29,QvykGTdygStmfx56hnzHE7qv9BA=,5WiCst/cxaJA3v6i6HYW6lqWcHo=
-54,-29,QvykGTdygStmfx56hnzHE7qv9BA=,5WiCst/cxaJA3v6i6HYW6lqWcHo=
-53,-29,QvykGTdygStmfx56hnzHE7qv9BA=,5WiCst/cxaJA3v6i6HYW6lqWcHo=
-52,-29,QvykGTdygStmfx56hnzHE7qv9BA=,5WiCst/cxaJA3v6i6HYW6lqWcHo=
-51,-29,QvykGTdygStmfx56hnzHE7qv9BA=,5WiCst/cxaJA3v6i6HYW6lqWcHo=
-49,-29,QvykGTdygStmfx56hnzHE7qv9BA=,5WiCst/cxaJA3v6i6HYW6lqWcHo=
-50,-29,QvykGTdygStmfx56hnzHE7qv9BA=,5WiCst/cxaJA3v6i6HYW6lqWcHo=
-55,-28,QvykGTdygStmfx56hnzHE7qv9BA=,5WiCst/cxaJA3v6i6HYW6lqWcHo=
-56,-28,QvykGTdygStmfx56hnzHE7qv9BA=,5WiCst/cxaJA3v6i6HYW6lqWcHo=
-54,-28,QvykGTdygStmfx56hnzHE7qv9BA=,5WiCst/cxaJA3v6i6HYW6lqWcHo=
-53,-28,QvykGTdygStmfx56hnzHE7qv9BA=,5WiCst/cxaJA3v6i6HYW6lqWcHo=
-52,-28,QvykGTdygStmfx56hnzHE7qv9BA=,5WiCst/cxaJA3v6i6HYW6lqWcHo=
-51,-28,QvykGTdygStmfx56hnzHE7qv9BA=,5WiCst/cxaJA3v6i6HYW6lqWcHo=
-49,-26,QvykGTdygStmfx56hnzHE7qv9BA=,5WiCst/cxaJA3v6i6HYW6lqWcHo=
-50,-26,QvykGTdygStmfx56hnzHE7qv9BA=,5WiCst/cxaJA3v6i6HYW6lqWcHo=
-53,-26,QvykGTdygStmfx56hnzHE7qv9BA=,5WiCst/cxaJA3v6i6HYW6lqWcHo=
-50,-28,QvykGTdygStmfx56hnzHE7qv9BA=,5WiCst/cxaJA3v6i6HYW6lqWcHo=
-51,-26,QvykGTdygStmfx56hnzHE7qv9BA=,5WiCst/cxaJA3v6i6HYW6lqWcHo=
-55,-26,QvykGTdygStmfx56hnzHE7qv9BA=,5WiCst/cxaJA3v6i6HYW6lqWcHo=
-56,-26,QvykGTdygStmfx56hnzHE7qv9BA=,5WiCst/cxaJA3v6i6HYW6lqWcHo=
-54,-26,QvykGTdygStmfx56hnzHE7qv9BA=,5WiCst/cxaJA3v6i6HYW6lqWcHo=
-49,-27,QvykGTdygStmfx56hnzHE7qv9BA=,5WiCst/cxaJA3v6i6HYW6lqWcHo=
-53,-27,QvykGTdygStmfx56hnzHE7qv9BA=,5WiCst/cxaJA3v6i6HYW6lqWcHo=
-50,-27,QvykGTdygStmfx56hnzHE7qv9BA=,5WiCst/cxaJA3v6i6HYW6lqWcHo=
-51,-27,QvykGTdygStmfx56hnzHE7qv9BA=,5WiCst/cxaJA3v6i6HYW6lqWcHo=
-52,-27,QvykGTdygStmfx56hnzHE7qv9BA=,5WiCst/cxaJA3v6i6HYW6lqWcHo=
-54,-27,QvykGTdygStmfx56hnzHE7qv9BA=,5WiCst/cxaJA3v6i6HYW6lqWcHo=
-55,-27,QvykGTdygStmfx56hnzHE7qv9BA=,5WiCst/cxaJA3v6i6HYW6lqWcHo=
-56,-27,QvykGTdygStmfx56hnzHE7qv9BA=,5WiCst/cxaJA3v6i6HYW6lqWcHo=
-49,-28,QvykGTdygStmfx56hnzHE7qv9BA=,5WiCst/cxaJA3v6i6HYW6lqWcHo=
-52,-26,QvykGTdygStmfx56hnzHE7qv9BA=,5WiCst/cxaJA3v6i6HYW6lqWcHo=
-53,-24,QvykGTdygStmfx56hnzHE7qv9BA=,5WiCst/cxaJA3v6i6HYW6lqWcHo=
-53,-25,QvykGTdygStmfx56hnzHE7qv9BA=,5WiCst/cxaJA3v6i6HYW6lqWcHo=
-54,-25,QvykGTdygStmfx56hnzHE7qv9BA=,5WiCst/cxaJA3v6i6HYW6lqWcHo=
-55,-25,QvykGTdygStmfx56hnzHE7qv9BA=,5WiCst/cxaJA3v6i6HYW6lqWcHo=
-53,-22,QvykGTdygStmfx56hnzHE7qv9BA=,5WiCst/cxaJA3v6i6HYW6lqWcHo=
-56,-25,QvykGTdygStmfx56hnzHE7qv9BA=,5WiCst/cxaJA3v6i6HYW6lqWcHo=
-55,-22,QvykGTdygStmfx56hnzHE7qv9BA=,5WiCst/cxaJA3v6i6HYW6lqWcHo=
-54,-22,QvykGTdygStmfx56hnzHE7qv9BA=,5WiCst/cxaJA3v6i6HYW6lqWcHo=
-57,-20,QvykGTdygStmfx56hnzHE7qv9BA=,RBlMUChVeUD4XEYYNHqL8sUqh1U=
-56,-22,QvykGTdygStmfx56hnzHE7qv9BA=,5WiCst/cxaJA3v6i6HYW6lqWcHo=
-54,-24,QvykGTdygStmfx56hnzHE7qv9BA=,5WiCst/cxaJA3v6i6HYW6lqWcHo=
-53,-21,QvykGTdygStmfx56hnzHE7qv9BA=,5WiCst/cxaJA3v6i6HYW6lqWcHo=
-54,-21,QvykGTdygStmfx56hnzHE7qv9BA=,5WiCst/cxaJA3v6i6HYW6lqWcHo=
-52,-17,QvykGTdygStmfx56hnzHE7qv9BA=,5WiCst/cxaJA3v6i6HYW6lqWcHo=
-53,-17,QvykGTdygStmfx56hnzHE7qv9BA=,5WiCst/cxaJA3v6i6HYW6lqWcHo=
-57,-21,QvykGTdygStmfx56hnzHE7qv9BA=,RBlMUChVeUD4XEYYNHqL8sUqh1U=
-54,-17,QvykGTdygStmfx56hnzHE7qv9BA=,5WiCst/cxaJA3v6i6HYW6lqWcHo=
-49,-17,QvykGTdygStmfx56hnzHE7qv9BA=,5WiCst/cxaJA3v6i6HYW6lqWcHo=
-52,-25,QvykGTdygStmfx56hnzHE7qv9BA=,5WiCst/cxaJA3v6i6HYW6lqWcHo=
-51,-17,QvykGTdygStmfx56hnzHE7qv9BA=,5WiCst/cxaJA3v6i6HYW6lqWcHo=
-50,-17,QvykGTdygStmfx56hnzHE7qv9BA=,5WiCst/cxaJA3v6i6HYW6lqWcHo=
-55,-17,QvykGTdygStmfx56hnzHE7qv9BA=,5WiCst/cxaJA3v6i6HYW6lqWcHo=
-51,-22,QvykGTdygStmfx56hnzHE7qv9BA=,5WiCst/cxaJA3v6i6HYW6lqWcHo=
-56,-17,QvykGTdygStmfx56hnzHE7qv9BA=,5WiCst/cxaJA3v6i6HYW6lqWcHo=
-57,-22,QvykGTdygStmfx56hnzHE7qv9BA=,RBlMUChVeUD4XEYYNHqL8sUqh1U=
-53,-18,QvykGTdygStmfx56hnzHE7qv9BA=,5WiCst/cxaJA3v6i6HYW6lqWcHo=
-54,-18,QvykGTdygStmfx56hnzHE7qv9BA=,5WiCst/cxaJA3v6i6HYW6lqWcHo=
-52,-18,QvykGTdygStmfx56hnzHE7qv9BA=,5WiCst/cxaJA3v6i6HYW6lqWcHo=
-55,-21,QvykGTdygStmfx56hnzHE7qv9BA=,5WiCst/cxaJA3v6i6HYW6lqWcHo=
-52,-21,QvykGTdygStmfx56hnzHE7qv9BA=,5WiCst/cxaJA3v6i6HYW6lqWcHo=
-49,-18,QvykGTdygStmfx56hnzHE7qv9BA=,5WiCst/cxaJA3v6i6HYW6lqWcHo=
-55,-18,QvykGTdygStmfx56hnzHE7qv9BA=,5WiCst/cxaJA3v6i6HYW6lqWcHo=
-50,-18,QvykGTdygStmfx56hnzHE7qv9BA=,5WiCst/cxaJA3v6i6HYW6lqWcHo=
-51,-18,QvykGTdygStmfx56hnzHE7qv9BA=,5WiCst/cxaJA3v6i6HYW6lqWcHo=
-55,-23,QvykGTdygStmfx56hnzHE7qv9BA=,5WiCst/cxaJA3v6i6HYW6lqWcHo=
-51,-25,QvykGTdygStmfx56hnzHE7qv9BA=,5WiCst/cxaJA3v6i6HYW6lqWcHo=
-55,-24,QvykGTdygStmfx56hnzHE7qv9BA=,5WiCst/cxaJA3v6i6HYW6lqWcHo=
-56,-23,QvykGTdygStmfx56hnzHE7qv9BA=,5WiCst/cxaJA3v6i6HYW6lqWcHo=
-49,-19,QvykGTdygStmfx56hnzHE7qv9BA=,5WiCst/cxaJA3v6i6HYW6lqWcHo=
-50,-23,QvykGTdygStmfx56hnzHE7qv9BA=,5WiCst/cxaJA3v6i6HYW6lqWcHo=
-49,-23,QvykGTdygStmfx56hnzHE7qv9BA=,5WiCst/cxaJA3v6i6HYW6lqWcHo=
-56,-18,QvykGTdygStmfx56hnzHE7qv9BA=,5WiCst/cxaJA3v6i6HYW6lqWcHo=
-50,-19,QvykGTdygStmfx56hnzHE7qv9BA=,5WiCst/cxaJA3v6i6HYW6lqWcHo=
-53,-19,QvykGTdygStmfx56hnzHE7qv9BA=,5WiCst/cxaJA3v6i6HYW6lqWcHo=
-57,-23,QvykGTdygStmfx56hnzHE7qv9BA=,RBlMUChVeUD4XEYYNHqL8sUqh1U=
-52,-19,QvykGTdygStmfx56hnzHE7qv9BA=,5WiCst/cxaJA3v6i6HYW6lqWcHo=
-54,-19,QvykGTdygStmfx56hnzHE7qv9BA=,5WiCst/cxaJA3v6i6HYW6lqWcHo=
-50,-25,QvykGTdygStmfx56hnzHE7qv9BA=,5WiCst/cxaJA3v6i6HYW6lqWcHo=
-51,-19,QvykGTdygStmfx56hnzHE7qv9BA=,5WiCst/cxaJA3v6i6HYW6lqWcHo=
-50,-24,QvykGTdygStmfx56hnzHE7qv9BA=,5WiCst/cxaJA3v6i6HYW6lqWcHo=
-49,-24,QvykGTdygStmfx56hnzHE7qv9BA=,5WiCst/cxaJA3v6i6HYW6lqWcHo=
-51,-24,QvykGTdygStmfx56hnzHE7qv9BA=,5WiCst/cxaJA3v6i6HYW6lqWcHo=
-55,-19,QvykGTdygStmfx56hnzHE7qv9BA=,5WiCst/cxaJA3v6i6HYW6lqWcHo=
-56,-21,QvykGTdygStmfx56hnzHE7qv9BA=,5WiCst/cxaJA3v6i6HYW6lqWcHo=
-51,-21,QvykGTdygStmfx56hnzHE7qv9BA=,5WiCst/cxaJA3v6i6HYW6lqWcHo=
-56,-19,QvykGTdygStmfx56hnzHE7qv9BA=,5WiCst/cxaJA3v6i6HYW6lqWcHo=
-49,-20,QvykGTdygStmfx56hnzHE7qv9BA=,5WiCst/cxaJA3v6i6HYW6lqWcHo=
-57,-17,QvykGTdygStmfx56hnzHE7qv9BA=,RBlMUChVeUD4XEYYNHqL8sUqh1U=
-57,-24,QvykGTdygStmfx56hnzHE7qv9BA=,RBlMUChVeUD4XEYYNHqL8sUqh1U=
-50,-20,QvykGTdygStmfx56hnzHE7qv9BA=,5WiCst/cxaJA3v6i6HYW6lqWcHo=
-51,-23,QvykGTdygStmfx56hnzHE7qv9BA=,5WiCst/cxaJA3v6i6HYW6lqWcHo=
-53,-20,QvykGTdygStmfx56hnzHE7qv9BA=,5WiCst/cxaJA3v6i6HYW6lqWcHo=
-52,-23,QvykGTdygStmfx56hnzHE7qv9BA=,5WiCst/cxaJA3v6i6HYW6lqWcHo=
-52,-20,QvykGTdygStmfx56hnzHE7qv9BA=,5WiCst/cxaJA3v6i6HYW6lqWcHo=
-54,-20,QvykGTdygStmfx56hnzHE7qv9BA=,5WiCst/cxaJA3v6i6HYW6lqWcHo=
-55,-20,QvykGTdygStmfx56hnzHE7qv9BA=,5WiCst/cxaJA3v6i6HYW6lqWcHo=
-56,-20,QvykGTdygStmfx56hnzHE7qv9BA=,5WiCst/cxaJA3v6i6HYW6lqWcHo=
-49,-25,QvykGTdygStmfx56hnzHE7qv9BA=,5WiCst/cxaJA3v6i6HYW6lqWcHo=
-53,-23,QvykGTdygStmfx56hnzHE7qv9BA=,5WiCst/cxaJA3v6i6HYW6lqWcHo=
-51,-20,QvykGTdygStmfx56hnzHE7qv9BA=,5WiCst/cxaJA3v6i6HYW6lqWcHo=
-57,-19,QvykGTdygStmfx56hnzHE7qv9BA=,RBlMUChVeUD4XEYYNHqL8sUqh1U=
-49,-22,QvykGTdygStmfx56hnzHE7qv9BA=,5WiCst/cxaJA3v6i6HYW6lqWcHo=
-56,-24,QvykGTdygStmfx56hnzHE7qv9BA=,5WiCst/cxaJA3v6i6HYW6lqWcHo=
-54,-23,QvykGTdygStmfx56hnzHE7qv9BA=,5WiCst/cxaJA3v6i6HYW6lqWcHo=
-50,-21,QvykGTdygStmfx56hnzHE7qv9BA=,5WiCst/cxaJA3v6i6HYW6lqWcHo=
-50,-22,QvykGTdygStmfx56hnzHE7qv9BA=,5WiCst/cxaJA3v6i6HYW6lqWcHo=
-49,-21,QvykGTdygStmfx56hnzHE7qv9BA=,5WiCst/cxaJA3v6i6HYW6lqWcHo=
-57,-18,QvykGTdygStmfx56hnzHE7qv9BA=,RBlMUChVeUD4XEYYNHqL8sUqh1U=
-52,-24,QvykGTdygStmfx56hnzHE7qv9BA=,5WiCst/cxaJA3v6i6HYW6lqWcHo=
-52,-22,QvykGTdygStmfx56hnzHE7qv9BA=,5WiCst/cxaJA3v6i6HYW6lqWcHo=
-52,-11,MBeYDjCT1dm9qO8JPc0vJYxvNnA=,MKjETtfc8vmXm1GgKsO8LyJLC9A=
-51,-11,MBeYDjCT1dm9qO8JPc0vJYxvNnA=,MKjETtfc8vmXm1GgKsO8LyJLC9A=
-50,-11,MBeYDjCT1dm9qO8JPc0vJYxvNnA=,MKjETtfc8vmXm1GgKsO8LyJLC9A=
-55,-10,MBeYDjCT1dm9qO8JPc0vJYxvNnA=,MKjETtfc8vmXm1GgKsO8LyJLC9A=
-54,-10,MBeYDjCT1dm9qO8JPc0vJYxvNnA=,MKjETtfc8vmXm1GgKsO8LyJLC9A=
-53,-10,MBeYDjCT1dm9qO8JPc0vJYxvNnA=,MKjETtfc8vmXm1GgKsO8LyJLC9A=
-52,-10,MBeYDjCT1dm9qO8JPc0vJYxvNnA=,MKjETtfc8vmXm1GgKsO8LyJLC9A=
-51,-10,MBeYDjCT1dm9qO8JPc0vJYxvNnA=,MKjETtfc8vmXm1GgKsO8LyJLC9A=
-50,-10,MBeYDjCT1dm9qO8JPc0vJYxvNnA=,MKjETtfc8vmXm1GgKsO8LyJLC9A=
-55,-15,MBeYDjCT1dm9qO8JPc0vJYxvNnA=,MKjETtfc8vmXm1GgKsO8LyJLC9A=
-54,-15,MBeYDjCT1dm9qO8JPc0vJYxvNnA=,MKjETtfc8vmXm1GgKsO8LyJLC9A=
-53,-15,MBeYDjCT1dm9qO8JPc0vJYxvNnA=,MKjETtfc8vmXm1GgKsO8LyJLC9A=
-52,-15,MBeYDjCT1dm9qO8JPc0vJYxvNnA=,MKjETtfc8vmXm1GgKsO8LyJLC9A=
-51,-15,MBeYDjCT1dm9qO8JPc0vJYxvNnA=,MKjETtfc8vmXm1GgKsO8LyJLC9A=
-50,-15,MBeYDjCT1dm9qO8JPc0vJYxvNnA=,MKjETtfc8vmXm1GgKsO8LyJLC9A=
-55,-14,MBeYDjCT1dm9qO8JPc0vJYxvNnA=,MKjETtfc8vmXm1GgKsO8LyJLC9A=
-53,-11,MBeYDjCT1dm9qO8JPc0vJYxvNnA=,MKjETtfc8vmXm1GgKsO8LyJLC9A=
-50,-12,MBeYDjCT1dm9qO8JPc0vJYxvNnA=,MKjETtfc8vmXm1GgKsO8LyJLC9A=
-51,-12,MBeYDjCT1dm9qO8JPc0vJYxvNnA=,MKjETtfc8vmXm1GgKsO8LyJLC9A=
-50,-13,MBeYDjCT1dm9qO8JPc0vJYxvNnA=,MKjETtfc8vmXm1GgKsO8LyJLC9A=
-51,-13,MBeYDjCT1dm9qO8JPc0vJYxvNnA=,MKjETtfc8vmXm1GgKsO8LyJLC9A=
-52,-13,MBeYDjCT1dm9qO8JPc0vJYxvNnA=,MKjETtfc8vmXm1GgKsO8LyJLC9A=
-53,-13,MBeYDjCT1dm9qO8JPc0vJYxvNnA=,MKjETtfc8vmXm1GgKsO8LyJLC9A=
-54,-13,MBeYDjCT1dm9qO8JPc0vJYxvNnA=,MKjETtfc8vmXm1GgKsO8LyJLC9A=
-54,-11,MBeYDjCT1dm9qO8JPc0vJYxvNnA=,MKjETtfc8vmXm1GgKsO8LyJLC9A=
-50,-14,MBeYDjCT1dm9qO8JPc0vJYxvNnA=,MKjETtfc8vmXm1GgKsO8LyJLC9A=
-51,-14,MBeYDjCT1dm9qO8JPc0vJYxvNnA=,MKjETtfc8vmXm1GgKsO8LyJLC9A=
-52,-14,MBeYDjCT1dm9qO8JPc0vJYxvNnA=,MKjETtfc8vmXm1GgKsO8LyJLC9A=
-53,-14,MBeYDjCT1dm9qO8JPc0vJYxvNnA=,MKjETtfc8vmXm1GgKsO8LyJLC9A=
-54,-14,MBeYDjCT1dm9qO8JPc0vJYxvNnA=,MKjETtfc8vmXm1GgKsO8LyJLC9A=
-52,-12,MBeYDjCT1dm9qO8JPc0vJYxvNnA=,MKjETtfc8vmXm1GgKsO8LyJLC9A=
-53,-12,MBeYDjCT1dm9qO8JPc0vJYxvNnA=,MKjETtfc8vmXm1GgKsO8LyJLC9A=
-55,-11,MBeYDjCT1dm9qO8JPc0vJYxvNnA=,MKjETtfc8vmXm1GgKsO8LyJLC9A=
-55,-13,MBeYDjCT1dm9qO8JPc0vJYxvNnA=,MKjETtfc8vmXm1GgKsO8LyJLC9A=
-55,-12,MBeYDjCT1dm9qO8JPc0vJYxvNnA=,MKjETtfc8vmXm1GgKsO8LyJLC9A=
-54,-12,MBeYDjCT1dm9qO8JPc0vJYxvNnA=,MKjETtfc8vmXm1GgKsO8LyJLC9A=
-60,-5,MBeYDjCT1dm9qO8JPc0vJYxvNnA=,RBlMUChVeUD4XEYYNHqL8sUqh1U=
-58,-5,MBeYDjCT1dm9qO8JPc0vJYxvNnA=,RBlMUChVeUD4XEYYNHqL8sUqh1U=
-59,-5,MBeYDjCT1dm9qO8JPc0vJYxvNnA=,RBlMUChVeUD4XEYYNHqL8sUqh1U=
-63,-4,MBeYDjCT1dm9qO8JPc0vJYxvNnA=,RBlMUChVeUD4XEYYNHqL8sUqh1U=
-62,-4,MBeYDjCT1dm9qO8JPc0vJYxvNnA=,RBlMUChVeUD4XEYYNHqL8sUqh1U=
-61,-4,MBeYDjCT1dm9qO8JPc0vJYxvNnA=,RBlMUChVeUD4XEYYNHqL8sUqh1U=
-60,-4,MBeYDjCT1dm9qO8JPc0vJYxvNnA=,RBlMUChVeUD4XEYYNHqL8sUqh1U=
-61,-5,MBeYDjCT1dm9qO8JPc0vJYxvNnA=,RBlMUChVeUD4XEYYNHqL8sUqh1U=
-59,-4,MBeYDjCT1dm9qO8JPc0vJYxvNnA=,RBlMUChVeUD4XEYYNHqL8sUqh1U=
-58,-4,MBeYDjCT1dm9qO8JPc0vJYxvNnA=,RBlMUChVeUD4XEYYNHqL8sUqh1U=
-63,-3,MBeYDjCT1dm9qO8JPc0vJYxvNnA=,RBlMUChVeUD4XEYYNHqL8sUqh1U=
-62,-3,MBeYDjCT1dm9qO8JPc0vJYxvNnA=,RBlMUChVeUD4XEYYNHqL8sUqh1U=
-61,-3,MBeYDjCT1dm9qO8JPc0vJYxvNnA=,RBlMUChVeUD4XEYYNHqL8sUqh1U=
-60,-3,MBeYDjCT1dm9qO8JPc0vJYxvNnA=,RBlMUChVeUD4XEYYNHqL8sUqh1U=
-59,-3,MBeYDjCT1dm9qO8JPc0vJYxvNnA=,RBlMUChVeUD4XEYYNHqL8sUqh1U=
-63,-5,MBeYDjCT1dm9qO8JPc0vJYxvNnA=,RBlMUChVeUD4XEYYNHqL8sUqh1U=
-63,-7,MBeYDjCT1dm9qO8JPc0vJYxvNnA=,RBlMUChVeUD4XEYYNHqL8sUqh1U=
-62,-7,MBeYDjCT1dm9qO8JPc0vJYxvNnA=,RBlMUChVeUD4XEYYNHqL8sUqh1U=
-58,-6,MBeYDjCT1dm9qO8JPc0vJYxvNnA=,RBlMUChVeUD4XEYYNHqL8sUqh1U=
-58,-3,MBeYDjCT1dm9qO8JPc0vJYxvNnA=,RBlMUChVeUD4XEYYNHqL8sUqh1U=
-59,-6,MBeYDjCT1dm9qO8JPc0vJYxvNnA=,RBlMUChVeUD4XEYYNHqL8sUqh1U=
-61,-7,MBeYDjCT1dm9qO8JPc0vJYxvNnA=,RBlMUChVeUD4XEYYNHqL8sUqh1U=
-60,-6,MBeYDjCT1dm9qO8JPc0vJYxvNnA=,RBlMUChVeUD4XEYYNHqL8sUqh1U=
-58,-2,MBeYDjCT1dm9qO8JPc0vJYxvNnA=,RBlMUChVeUD4XEYYNHqL8sUqh1U=
-63,-6,MBeYDjCT1dm9qO8JPc0vJYxvNnA=,RBlMUChVeUD4XEYYNHqL8sUqh1U=
-61,-6,MBeYDjCT1dm9qO8JPc0vJYxvNnA=,RBlMUChVeUD4XEYYNHqL8sUqh1U=
-62,-6,MBeYDjCT1dm9qO8JPc0vJYxvNnA=,RBlMUChVeUD4XEYYNHqL8sUqh1U=
-59,-2,MBeYDjCT1dm9qO8JPc0vJYxvNnA=,RBlMUChVeUD4XEYYNHqL8sUqh1U=
-58,-7,MBeYDjCT1dm9qO8JPc0vJYxvNnA=,RBlMUChVeUD4XEYYNHqL8sUqh1U=
-60,-2,MBeYDjCT1dm9qO8JPc0vJYxvNnA=,RBlMUChVeUD4XEYYNHqL8sUqh1U=
-61,-2,MBeYDjCT1dm9qO8JPc0vJYxvNnA=,RBlMUChVeUD4XEYYNHqL8sUqh1U=
-60,-7,MBeYDjCT1dm9qO8JPc0vJYxvNnA=,RBlMUChVeUD4XEYYNHqL8sUqh1U=
-63,-2,MBeYDjCT1dm9qO8JPc0vJYxvNnA=,RBlMUChVeUD4XEYYNHqL8sUqh1U=
-62,-2,MBeYDjCT1dm9qO8JPc0vJYxvNnA=,RBlMUChVeUD4XEYYNHqL8sUqh1U=
-59,-7,MBeYDjCT1dm9qO8JPc0vJYxvNnA=,RBlMUChVeUD4XEYYNHqL8sUqh1U=
-62,-5,MBeYDjCT1dm9qO8JPc0vJYxvNnA=,RBlMUChVeUD4XEYYNHqL8sUqh1U=
-62,-13,MBeYDjCT1dm9qO8JPc0vJYxvNnA=,RBlMUChVeUD4XEYYNHqL8sUqh1U=
-63,-13,MBeYDjCT1dm9qO8JPc0vJYxvNnA=,RBlMUChVeUD4XEYYNHqL8sUqh1U=
-57,-14,MBeYDjCT1dm9qO8JPc0vJYxvNnA=,RBlMUChVeUD4XEYYNHqL8sUqh1U=
-58,-14,MBeYDjCT1dm9qO8JPc0vJYxvNnA=,RBlMUChVeUD4XEYYNHqL8sUqh1U=
-60,-14,MBeYDjCT1dm9qO8JPc0vJYxvNnA=,RBlMUChVeUD4XEYYNHqL8sUqh1U=
-59,-14,MBeYDjCT1dm9qO8JPc0vJYxvNnA=,RBlMUChVeUD4XEYYNHqL8sUqh1U=
-61,-14,MBeYDjCT1dm9qO8JPc0vJYxvNnA=,RBlMUChVeUD4XEYYNHqL8sUqh1U=
-58,-9,MBeYDjCT1dm9qO8JPc0vJYxvNnA=,RBlMUChVeUD4XEYYNHqL8sUqh1U=
-59,-9,MBeYDjCT1dm9qO8JPc0vJYxvNnA=,RBlMUChVeUD4XEYYNHqL8sUqh1U=
-60,-9,MBeYDjCT1dm9qO8JPc0vJYxvNnA=,RBlMUChVeUD4XEYYNHqL8sUqh1U=
-61,-9,MBeYDjCT1dm9qO8JPc0vJYxvNnA=,RBlMUChVeUD4XEYYNHqL8sUqh1U=
-62,-9,MBeYDjCT1dm9qO8JPc0vJYxvNnA=,RBlMUChVeUD4XEYYNHqL8sUqh1U=
-56,-11,MBeYDjCT1dm9qO8JPc0vJYxvNnA=,MKjETtfc8vmXm1GgKsO8LyJLC9A=
-62,-14,MBeYDjCT1dm9qO8JPc0vJYxvNnA=,RBlMUChVeUD4XEYYNHqL8sUqh1U=
-63,-14,MBeYDjCT1dm9qO8JPc0vJYxvNnA=,RBlMUChVeUD4XEYYNHqL8sUqh1U=
-63,-9,MBeYDjCT1dm9qO8JPc0vJYxvNnA=,RBlMUChVeUD4XEYYNHqL8sUqh1U=
-56,-12,MBeYDjCT1dm9qO8JPc0vJYxvNnA=,MKjETtfc8vmXm1GgKsO8LyJLC9A=
-57,-15,MBeYDjCT1dm9qO8JPc0vJYxvNnA=,RBlMUChVeUD4XEYYNHqL8sUqh1U=
-58,-15,MBeYDjCT1dm9qO8JPc0vJYxvNnA=,RBlMUChVeUD4XEYYNHqL8sUqh1U=
-59,-15,MBeYDjCT1dm9qO8JPc0vJYxvNnA=,RBlMUChVeUD4XEYYNHqL8sUqh1U=
-57,-10,MBeYDjCT1dm9qO8JPc0vJYxvNnA=,RBlMUChVeUD4XEYYNHqL8sUqh1U=
-60,-15,MBeYDjCT1dm9qO8JPc0vJYxvNnA=,RBlMUChVeUD4XEYYNHqL8sUqh1U=
-58,-10,MBeYDjCT1dm9qO8JPc0vJYxvNnA=,RBlMUChVeUD4XEYYNHqL8sUqh1U=
-62,-15,MBeYDjCT1dm9qO8JPc0vJYxvNnA=,RBlMUChVeUD4XEYYNHqL8sUqh1U=
-59,-10,MBeYDjCT1dm9qO8JPc0vJYxvNnA=,RBlMUChVeUD4XEYYNHqL8sUqh1U=
-56,-13,MBeYDjCT1dm9qO8JPc0vJYxvNnA=,MKjETtfc8vmXm1GgKsO8LyJLC9A=
-60,-10,MBeYDjCT1dm9qO8JPc0vJYxvNnA=,RBlMUChVeUD4XEYYNHqL8sUqh1U=
-63,-15,MBeYDjCT1dm9qO8JPc0vJYxvNnA=,RBlMUChVeUD4XEYYNHqL8sUqh1U=
-61,-10,MBeYDjCT1dm9qO8JPc0vJYxvNnA=,RBlMUChVeUD4XEYYNHqL8sUqh1U=
-62,-10,MBeYDjCT1dm9qO8JPc0vJYxvNnA=,RBlMUChVeUD4XEYYNHqL8sUqh1U=
-63,-10,MBeYDjCT1dm9qO8JPc0vJYxvNnA=,RBlMUChVeUD4XEYYNHqL8sUqh1U=
-58,-8,MBeYDjCT1dm9qO8JPc0vJYxvNnA=,RBlMUChVeUD4XEYYNHqL8sUqh1U=
-57,-11,MBeYDjCT1dm9qO8JPc0vJYxvNnA=,RBlMUChVeUD4XEYYNHqL8sUqh1U=
-59,-8,MBeYDjCT1dm9qO8JPc0vJYxvNnA=,RBlMUChVeUD4XEYYNHqL8sUqh1U=
-58,-11,MBeYDjCT1dm9qO8JPc0vJYxvNnA=,RBlMUChVeUD4XEYYNHqL8sUqh1U=
-62,-8,MBeYDjCT1dm9qO8JPc0vJYxvNnA=,RBlMUChVeUD4XEYYNHqL8sUqh1U=
-56,-14,MBeYDjCT1dm9qO8JPc0vJYxvNnA=,MKjETtfc8vmXm1GgKsO8LyJLC9A=
-60,-8,MBeYDjCT1dm9qO8JPc0vJYxvNnA=,RBlMUChVeUD4XEYYNHqL8sUqh1U=
-61,-8,MBeYDjCT1dm9qO8JPc0vJYxvNnA=,RBlMUChVeUD4XEYYNHqL8sUqh1U=
-63,-8,MBeYDjCT1dm9qO8JPc0vJYxvNnA=,RBlMUChVeUD4XEYYNHqL8sUqh1U=
-59,-11,MBeYDjCT1dm9qO8JPc0vJYxvNnA=,RBlMUChVeUD4XEYYNHqL8sUqh1U=
-60,-11,MBeYDjCT1dm9qO8JPc0vJYxvNnA=,RBlMUChVeUD4XEYYNHqL8sUqh1U=
-61,-11,MBeYDjCT1dm9qO8JPc0vJYxvNnA=,RBlMUChVeUD4XEYYNHqL8sUqh1U=
-62,-11,MBeYDjCT1dm9qO8JPc0vJYxvNnA=,RBlMUChVeUD4XEYYNHqL8sUqh1U=
-57,-12,MBeYDjCT1dm9qO8JPc0vJYxvNnA=,RBlMUChVeUD4XEYYNHqL8sUqh1U=
-63,-11,MBeYDjCT1dm9qO8JPc0vJYxvNnA=,RBlMUChVeUD4XEYYNHqL8sUqh1U=
-58,-12,MBeYDjCT1dm9qO8JPc0vJYxvNnA=,RBlMUChVeUD4XEYYNHqL8sUqh1U=
-61,-12,MBeYDjCT1dm9qO8JPc0vJYxvNnA=,RBlMUChVeUD4XEYYNHqL8sUqh1U=
-60,-12,MBeYDjCT1dm9qO8JPc0vJYxvNnA=,RBlMUChVeUD4XEYYNHqL8sUqh1U=
-59,-12,MBeYDjCT1dm9qO8JPc0vJYxvNnA=,RBlMUChVeUD4XEYYNHqL8sUqh1U=
-63,-12,MBeYDjCT1dm9qO8JPc0vJYxvNnA=,RBlMUChVeUD4XEYYNHqL8sUqh1U=
-62,-12,MBeYDjCT1dm9qO8JPc0vJYxvNnA=,RBlMUChVeUD4XEYYNHqL8sUqh1U=
-56,-15,MBeYDjCT1dm9qO8JPc0vJYxvNnA=,MKjETtfc8vmXm1GgKsO8LyJLC9A=
-57,-13,MBeYDjCT1dm9qO8JPc0vJYxvNnA=,RBlMUChVeUD4XEYYNHqL8sUqh1U=
-58,-13,MBeYDjCT1dm9qO8JPc0vJYxvNnA=,RBlMUChVeUD4XEYYNHqL8sUqh1U=
-59,-13,MBeYDjCT1dm9qO8JPc0vJYxvNnA=,RBlMUChVeUD4XEYYNHqL8sUqh1U=
-56,-10,MBeYDjCT1dm9qO8JPc0vJYxvNnA=,MKjETtfc8vmXm1GgKsO8LyJLC9A=
-60,-13,MBeYDjCT1dm9qO8JPc0vJYxvNnA=,RBlMUChVeUD4XEYYNHqL8sUqh1U=
-61,-13,MBeYDjCT1dm9qO8JPc0vJYxvNnA=,RBlMUChVeUD4XEYYNHqL8sUqh1U=
-61,-15,MBeYDjCT1dm9qO8JPc0vJYxvNnA=,RBlMUChVeUD4XEYYNHqL8sUqh1U=
-57,-2,MBeYDjCT1dm9qO8JPc0vJYxvNnA=,RBlMUChVeUD4XEYYNHqL8sUqh1U=
-57,-6,MBeYDjCT1dm9qO8JPc0vJYxvNnA=,RBlMUChVeUD4XEYYNHqL8sUqh1U=
-55,-5,MBeYDjCT1dm9qO8JPc0vJYxvNnA=,MKjETtfc8vmXm1GgKsO8LyJLC9A=
-56,-4,MBeYDjCT1dm9qO8JPc0vJYxvNnA=,MKjETtfc8vmXm1GgKsO8LyJLC9A=
-52,-8,MBeYDjCT1dm9qO8JPc0vJYxvNnA=,MKjETtfc8vmXm1GgKsO8LyJLC9A=
-51,-3,MBeYDjCT1dm9qO8JPc0vJYxvNnA=,MKjETtfc8vmXm1GgKsO8LyJLC9A=
-56,-6,MBeYDjCT1dm9qO8JPc0vJYxvNnA=,MKjETtfc8vmXm1GgKsO8LyJLC9A=
-57,-9,MBeYDjCT1dm9qO8JPc0vJYxvNnA=,RBlMUChVeUD4XEYYNHqL8sUqh1U=
-57,-7,MBeYDjCT1dm9qO8JPc0vJYxvNnA=,RBlMUChVeUD4XEYYNHqL8sUqh1U=
-51,-4,MBeYDjCT1dm9qO8JPc0vJYxvNnA=,MKjETtfc8vmXm1GgKsO8LyJLC9A=
-52,-4,MBeYDjCT1dm9qO8JPc0vJYxvNnA=,MKjETtfc8vmXm1GgKsO8LyJLC9A=
-56,-8,MBeYDjCT1dm9qO8JPc0vJYxvNnA=,MKjETtfc8vmXm1GgKsO8LyJLC9A=
-53,-4,MBeYDjCT1dm9qO8JPc0vJYxvNnA=,MKjETtfc8vmXm1GgKsO8LyJLC9A=
-54,-4,MBeYDjCT1dm9qO8JPc0vJYxvNnA=,MKjETtfc8vmXm1GgKsO8LyJLC9A=
-56,-5,MBeYDjCT1dm9qO8JPc0vJYxvNnA=,MKjETtfc8vmXm1GgKsO8LyJLC9A=
-57,-5,MBeYDjCT1dm9qO8JPc0vJYxvNnA=,RBlMUChVeUD4XEYYNHqL8sUqh1U=
-55,-4,MBeYDjCT1dm9qO8JPc0vJYxvNnA=,MKjETtfc8vmXm1GgKsO8LyJLC9A=
-57,-3,MBeYDjCT1dm9qO8JPc0vJYxvNnA=,RBlMUChVeUD4XEYYNHqL8sUqh1U=
-53,-3,MBeYDjCT1dm9qO8JPc0vJYxvNnA=,MKjETtfc8vmXm1GgKsO8LyJLC9A=
-56,-3,MBeYDjCT1dm9qO8JPc0vJYxvNnA=,MKjETtfc8vmXm1GgKsO8LyJLC9A=
-50,-7,MBeYDjCT1dm9qO8JPc0vJYxvNnA=,MKjETtfc8vmXm1GgKsO8LyJLC9A=
-52,-3,MBeYDjCT1dm9qO8JPc0vJYxvNnA=,MKjETtfc8vmXm1GgKsO8LyJLC9A=
-54,-3,MBeYDjCT1dm9qO8JPc0vJYxvNnA=,MKjETtfc8vmXm1GgKsO8LyJLC9A=
-57,-8,MBeYDjCT1dm9qO8JPc0vJYxvNnA=,RBlMUChVeUD4XEYYNHqL8sUqh1U=
-50,-5,MBeYDjCT1dm9qO8JPc0vJYxvNnA=,MKjETtfc8vmXm1GgKsO8LyJLC9A=
-57,-4,MBeYDjCT1dm9qO8JPc0vJYxvNnA=,RBlMUChVeUD4XEYYNHqL8sUqh1U=
-52,-5,MBeYDjCT1dm9qO8JPc0vJYxvNnA=,MKjETtfc8vmXm1GgKsO8LyJLC9A=
-51,-8,MBeYDjCT1dm9qO8JPc0vJYxvNnA=,MKjETtfc8vmXm1GgKsO8LyJLC9A=
-51,-7,MBeYDjCT1dm9qO8JPc0vJYxvNnA=,MKjETtfc8vmXm1GgKsO8LyJLC9A=
-50,-9,MBeYDjCT1dm9qO8JPc0vJYxvNnA=,MKjETtfc8vmXm1GgKsO8LyJLC9A=
-50,-4,MBeYDjCT1dm9qO8JPc0vJYxvNnA=,MKjETtfc8vmXm1GgKsO8LyJLC9A=
-55,-8,MBeYDjCT1dm9qO8JPc0vJYxvNnA=,MKjETtfc8vmXm1GgKsO8LyJLC9A=
-53,-5,MBeYDjCT1dm9qO8JPc0vJYxvNnA=,MKjETtfc8vmXm1GgKsO8LyJLC9A=
-51,-6,MBeYDjCT1dm9qO8JPc0vJYxvNnA=,MKjETtfc8vmXm1GgKsO8LyJLC9A=
-54,-5,MBeYDjCT1dm9qO8JPc0vJYxvNnA=,MKjETtfc8vmXm1GgKsO8LyJLC9A=
-55,-3,MBeYDjCT1dm9qO8JPc0vJYxvNnA=,MKjETtfc8vmXm1GgKsO8LyJLC9A=
-50,-2,MBeYDjCT1dm9qO8JPc0vJYxvNnA=,MKjETtfc8vmXm1GgKsO8LyJLC9A=
-50,-3,MBeYDjCT1dm9qO8JPc0vJYxvNnA=,MKjETtfc8vmXm1GgKsO8LyJLC9A=
-51,-9,MBeYDjCT1dm9qO8JPc0vJYxvNnA=,MKjETtfc8vmXm1GgKsO8LyJLC9A=
-52,-7,MBeYDjCT1dm9qO8JPc0vJYxvNnA=,MKjETtfc8vmXm1GgKsO8LyJLC9A=
-53,-9,MBeYDjCT1dm9qO8JPc0vJYxvNnA=,MKjETtfc8vmXm1GgKsO8LyJLC9A=
-50,-8,MBeYDjCT1dm9qO8JPc0vJYxvNnA=,MKjETtfc8vmXm1GgKsO8LyJLC9A=
-52,-6,MBeYDjCT1dm9qO8JPc0vJYxvNnA=,MKjETtfc8vmXm1GgKsO8LyJLC9A=
-52,-9,MBeYDjCT1dm9qO8JPc0vJYxvNnA=,MKjETtfc8vmXm1GgKsO8LyJLC9A=
-51,-2,MBeYDjCT1dm9qO8JPc0vJYxvNnA=,MKjETtfc8vmXm1GgKsO8LyJLC9A=
-52,-2,MBeYDjCT1dm9qO8JPc0vJYxvNnA=,MKjETtfc8vmXm1GgKsO8LyJLC9A=
-53,-6,MBeYDjCT1dm9qO8JPc0vJYxvNnA=,MKjETtfc8vmXm1GgKsO8LyJLC9A=
-53,-7,MBeYDjCT1dm9qO8JPc0vJYxvNnA=,MKjETtfc8vmXm1GgKsO8LyJLC9A=
-53,-2,MBeYDjCT1dm9qO8JPc0vJYxvNnA=,MKjETtfc8vmXm1GgKsO8LyJLC9A=
-54,-2,MBeYDjCT1dm9qO8JPc0vJYxvNnA=,MKjETtfc8vmXm1GgKsO8LyJLC9A=
-54,-6,MBeYDjCT1dm9qO8JPc0vJYxvNnA=,MKjETtfc8vmXm1GgKsO8LyJLC9A=
-56,-7,MBeYDjCT1dm9qO8JPc0vJYxvNnA=,MKjETtfc8vmXm1GgKsO8LyJLC9A=
-55,-6,MBeYDjCT1dm9qO8JPc0vJYxvNnA=,MKjETtfc8vmXm1GgKsO8LyJLC9A=
-54,-9,MBeYDjCT1dm9qO8JPc0vJYxvNnA=,MKjETtfc8vmXm1GgKsO8LyJLC9A=
-55,-7,MBeYDjCT1dm9qO8JPc0vJYxvNnA=,MKjETtfc8vmXm1GgKsO8LyJLC9A=
-56,-2,MBeYDjCT1dm9qO8JPc0vJYxvNnA=,MKjETtfc8vmXm1GgKsO8LyJLC9A=
-53,-8,MBeYDjCT1dm9qO8JPc0vJYxvNnA=,MKjETtfc8vmXm1GgKsO8LyJLC9A=
-54,-7,MBeYDjCT1dm9qO8JPc0vJYxvNnA=,MKjETtfc8vmXm1GgKsO8LyJLC9A=
-55,-9,MBeYDjCT1dm9qO8JPc0vJYxvNnA=,MKjETtfc8vmXm1GgKsO8LyJLC9A=
-55,-2,MBeYDjCT1dm9qO8JPc0vJYxvNnA=,MKjETtfc8vmXm1GgKsO8LyJLC9A=
-54,-8,MBeYDjCT1dm9qO8JPc0vJYxvNnA=,MKjETtfc8vmXm1GgKsO8LyJLC9A=
-56,-9,MBeYDjCT1dm9qO8JPc0vJYxvNnA=,MKjETtfc8vmXm1GgKsO8LyJLC9A=
-51,-5,MBeYDjCT1dm9qO8JPc0vJYxvNnA=,MKjETtfc8vmXm1GgKsO8LyJLC9A=
-50,-6,MBeYDjCT1dm9qO8JPc0vJYxvNnA=,MKjETtfc8vmXm1GgKsO8LyJLC9A=
-63,-1,MBeYDjCT1dm9qO8JPc0vJYxvNnA=,RBlMUChVeUD4XEYYNHqL8sUqh1U=
-58,-1,MBeYDjCT1dm9qO8JPc0vJYxvNnA=,RBlMUChVeUD4XEYYNHqL8sUqh1U=
-52,-1,MBeYDjCT1dm9qO8JPc0vJYxvNnA=,MKjETtfc8vmXm1GgKsO8LyJLC9A=
-59,-1,MBeYDjCT1dm9qO8JPc0vJYxvNnA=,RBlMUChVeUD4XEYYNHqL8sUqh1U=
-61,-1,MBeYDjCT1dm9qO8JPc0vJYxvNnA=,RBlMUChVeUD4XEYYNHqL8sUqh1U=
-60,-1,MBeYDjCT1dm9qO8JPc0vJYxvNnA=,RBlMUChVeUD4XEYYNHqL8sUqh1U=
-62,-1,MBeYDjCT1dm9qO8JPc0vJYxvNnA=,RBlMUChVeUD4XEYYNHqL8sUqh1U=
-57,-1,MBeYDjCT1dm9qO8JPc0vJYxvNnA=,RBlMUChVeUD4XEYYNHqL8sUqh1U=
-54,-1,MBeYDjCT1dm9qO8JPc0vJYxvNnA=,MKjETtfc8vmXm1GgKsO8LyJLC9A=
-51,-1,MBeYDjCT1dm9qO8JPc0vJYxvNnA=,MKjETtfc8vmXm1GgKsO8LyJLC9A=
-56,-1,MBeYDjCT1dm9qO8JPc0vJYxvNnA=,MKjETtfc8vmXm1GgKsO8LyJLC9A=
-55,-1,MBeYDjCT1dm9qO8JPc0vJYxvNnA=,MKjETtfc8vmXm1GgKsO8LyJLC9A=
-53,-1,MBeYDjCT1dm9qO8JPc0vJYxvNnA=,MKjETtfc8vmXm1GgKsO8LyJLC9A=
-50,-1,MBeYDjCT1dm9qO8JPc0vJYxvNnA=,MKjETtfc8vmXm1GgKsO8LyJLC9A=
-64,-4,MBeYDjCT1dm9qO8JPc0vJYxvNnA=,RBlMUChVeUD4XEYYNHqL8sUqh1U=
-64,-12,MBeYDjCT1dm9qO8JPc0vJYxvNnA=,RBlMUChVeUD4XEYYNHqL8sUqh1U=
-64,-6,MBeYDjCT1dm9qO8JPc0vJYxvNnA=,RBlMUChVeUD4XEYYNHqL8sUqh1U=
-64,-3,MBeYDjCT1dm9qO8JPc0vJYxvNnA=,RBlMUChVeUD4XEYYNHqL8sUqh1U=
-64,-11,MBeYDjCT1dm9qO8JPc0vJYxvNnA=,RBlMUChVeUD4XEYYNHqL8sUqh1U=
-64,-2,MBeYDjCT1dm9qO8JPc0vJYxvNnA=,RBlMUChVeUD4XEYYNHqL8sUqh1U=
-64,-7,MBeYDjCT1dm9qO8JPc0vJYxvNnA=,RBlMUChVeUD4XEYYNHqL8sUqh1U=
-64,-8,MBeYDjCT1dm9qO8JPc0vJYxvNnA=,RBlMUChVeUD4XEYYNHqL8sUqh1U=
-64,-5,MBeYDjCT1dm9qO8JPc0vJYxvNnA=,RBlMUChVeUD4XEYYNHqL8sUqh1U=
-64,-10,MBeYDjCT1dm9qO8JPc0vJYxvNnA=,RBlMUChVeUD4XEYYNHqL8sUqh1U=
-64,-13,MBeYDjCT1dm9qO8JPc0vJYxvNnA=,RBlMUChVeUD4XEYYNHqL8sUqh1U=
-64,-14,MBeYDjCT1dm9qO8JPc0vJYxvNnA=,RBlMUChVeUD4XEYYNHqL8sUqh1U=
-64,-15,MBeYDjCT1dm9qO8JPc0vJYxvNnA=,RBlMUChVeUD4XEYYNHqL8sUqh1U=
-64,-9,MBeYDjCT1dm9qO8JPc0vJYxvNnA=,RBlMUChVeUD4XEYYNHqL8sUqh1U=
-64,-1,MBeYDjCT1dm9qO8JPc0vJYxvNnA=,RBlMUChVeUD4XEYYNHqL8sUqh1U=
-49,-11,MBeYDjCT1dm9qO8JPc0vJYxvNnA=,MKjETtfc8vmXm1GgKsO8LyJLC9A=
-49,-10,MBeYDjCT1dm9qO8JPc0vJYxvNnA=,MKjETtfc8vmXm1GgKsO8LyJLC9A=
-49,-13,MBeYDjCT1dm9qO8JPc0vJYxvNnA=,MKjETtfc8vmXm1GgKsO8LyJLC9A=
-50,-16,MBeYDjCT1dm9qO8JPc0vJYxvNnA=,MKjETtfc8vmXm1GgKsO8LyJLC9A=
-49,-14,MBeYDjCT1dm9qO8JPc0vJYxvNnA=,MKjETtfc8vmXm1GgKsO8LyJLC9A=
-49,-15,MBeYDjCT1dm9qO8JPc0vJYxvNnA=,MKjETtfc8vmXm1GgKsO8LyJLC9A=
-51,-16,MBeYDjCT1dm9qO8JPc0vJYxvNnA=,MKjETtfc8vmXm1GgKsO8LyJLC9A=
-52,-16,MBeYDjCT1dm9qO8JPc0vJYxvNnA=,MKjETtfc8vmXm1GgKsO8LyJLC9A=
-54,-16,MBeYDjCT1dm9qO8JPc0vJYxvNnA=,MKjETtfc8vmXm1GgKsO8LyJLC9A=
-53,-16,MBeYDjCT1dm9qO8JPc0vJYxvNnA=,MKjETtfc8vmXm1GgKsO8LyJLC9A=
-55,-16,MBeYDjCT1dm9qO8JPc0vJYxvNnA=,MKjETtfc8vmXm1GgKsO8LyJLC9A=
-49,-12,MBeYDjCT1dm9qO8JPc0vJYxvNnA=,MKjETtfc8vmXm1GgKsO8LyJLC9A=
-49,-4,MBeYDjCT1dm9qO8JPc0vJYxvNnA=,MKjETtfc8vmXm1GgKsO8LyJLC9A=
-56,-16,MBeYDjCT1dm9qO8JPc0vJYxvNnA=,MKjETtfc8vmXm1GgKsO8LyJLC9A=
-49,-5,MBeYDjCT1dm9qO8JPc0vJYxvNnA=,MKjETtfc8vmXm1GgKsO8LyJLC9A=
-49,-8,MBeYDjCT1dm9qO8JPc0vJYxvNnA=,MKjETtfc8vmXm1GgKsO8LyJLC9A=
-57,-16,MBeYDjCT1dm9qO8JPc0vJYxvNnA=,RBlMUChVeUD4XEYYNHqL8sUqh1U=
-63,-16,MBeYDjCT1dm9qO8JPc0vJYxvNnA=,RBlMUChVeUD4XEYYNHqL8sUqh1U=
-49,-7,MBeYDjCT1dm9qO8JPc0vJYxvNnA=,MKjETtfc8vmXm1GgKsO8LyJLC9A=
-58,-16,MBeYDjCT1dm9qO8JPc0vJYxvNnA=,RBlMUChVeUD4XEYYNHqL8sUqh1U=
-49,-3,MBeYDjCT1dm9qO8JPc0vJYxvNnA=,MKjETtfc8vmXm1GgKsO8LyJLC9A=
-59,-16,MBeYDjCT1dm9qO8JPc0vJYxvNnA=,RBlMUChVeUD4XEYYNHqL8sUqh1U=
-60,-16,MBeYDjCT1dm9qO8JPc0vJYxvNnA=,RBlMUChVeUD4XEYYNHqL8sUqh1U=
-62,-16,MBeYDjCT1dm9qO8JPc0vJYxvNnA=,RBlMUChVeUD4XEYYNHqL8sUqh1U=
-49,-9,MBeYDjCT1dm9qO8JPc0vJYxvNnA=,MKjETtfc8vmXm1GgKsO8LyJLC9A=
-61,-16,MBeYDjCT1dm9qO8JPc0vJYxvNnA=,RBlMUChVeUD4XEYYNHqL8sUqh1U=
-49,-6,MBeYDjCT1dm9qO8JPc0vJYxvNnA=,MKjETtfc8vmXm1GgKsO8LyJLC9A=
-49,-2,MBeYDjCT1dm9qO8JPc0vJYxvNnA=,MKjETtfc8vmXm1GgKsO8LyJLC9A=
-49,-16,MBeYDjCT1dm9qO8JPc0vJYxvNnA=,MKjETtfc8vmXm1GgKsO8LyJLC9A=
-64,-16,MBeYDjCT1dm9qO8JPc0vJYxvNnA=,RBlMUChVeUD4XEYYNHqL8sUqh1U=
-49,-1,MBeYDjCT1dm9qO8JPc0vJYxvNnA=,MKjETtfc8vmXm1GgKsO8LyJLC9A=
