20,-11,9uhvlrA0T7KlM97CkMtj5vlbcvg=,ETD9f95hONTbTnkPezE6Z+Q5vjA=
20,-5,9uhvlrA0T7KlM97CkMtj5vlbcvg=,S/5Sj65WED/ofuuzXDkxpY6HyBw=
21,-5,9uhvlrA0T7KlM97CkMtj5vlbcvg=,S/5Sj65WED/ofuuzXDkxpY6HyBw=
22,-5,9uhvlrA0T7KlM97CkMtj5vlbcvg=,S/5Sj65WED/ofuuzXDkxpY6HyBw=
19,-5,9uhvlrA0T7KlM97CkMtj5vlbcvg=,S/5Sj65WED/ofuuzXDkxpY6HyBw=
19,-11,9uhvlrA0T7KlM97CkMtj5vlbcvg=,ETD9f95hONTbTnkPezE6Z+Q5vjA=
18,-5,9uhvlrA0T7KlM97CkMtj5vlbcvg=,S/5Sj65WED/ofuuzXDkxpY6HyBw=
17,-5,9uhvlrA0T7KlM97CkMtj5vlbcvg=,S/5Sj65WED/ofuuzXDkxpY6HyBw=
18,-4,9uhvlrA0T7KlM97CkMtj5vlbcvg=,S/5Sj65WED/ofuuzXDkxpY6HyBw=
17,-4,9uhvlrA0T7KlM97CkMtj5vlbcvg=,S/5Sj65WED/ofuuzXDkxpY6HyBw=
18,-11,9uhvlrA0T7KlM97CkMtj5vlbcvg=,ETD9f95hONTbTnkPezE6Z+Q5vjA=
17,-11,9uhvlrA0T7KlM97CkMtj5vlbcvg=,ETD9f95hONTbTnkPezE6Z+Q5vjA=
22,-6,9uhvlrA0T7KlM97CkMtj5vlbcvg=,S/5Sj65WED/ofuuzXDkxpY6HyBw=
21,-6,9uhvlrA0T7KlM97CkMtj5vlbcvg=,S/5Sj65WED/ofuuzXDkxpY6HyBw=
22,-12,9uhvlrA0T7KlM97CkMtj5vlbcvg=,ETD9f95hONTbTnkPezE6Z+Q5vjA=
20,-6,9uhvlrA0T7KlM97CkMtj5vlbcvg=,S/5Sj65WED/ofuuzXDkxpY6HyBw=
19,-4,9uhvlrA0T7KlM97CkMtj5vlbcvg=,S/5Sj65WED/ofuuzXDkxpY6HyBw=
19,-6,9uhvlrA0T7KlM97CkMtj5vlbcvg=,S/5Sj65WED/ofuuzXDkxpY6HyBw=
20,-4,9uhvlrA0T7KlM97CkMtj5vlbcvg=,S/5Sj65WED/ofuuzXDkxpY6HyBw=
21,-12,9uhvlrA0T7KlM97CkMtj5vlbcvg=,ETD9f95hONTbTnkPezE6Z+Q5vjA=
18,-6,9uhvlrA0T7KlM97CkMtj5vlbcvg=,S/5Sj65WED/ofuuzXDkxpY6HyBw=
17,-6,9uhvlrA0T7KlM97CkMtj5vlbcvg=,S/5Sj65WED/ofuuzXDkxpY6HyBw=
20,-12,9uhvlrA0T7KlM97CkMtj5vlbcvg=,ETD9f95hONTbTnkPezE6Z+Q5vjA=
21,-7,9uhvlrA0T7KlM97CkMtj5vlbcvg=,S/5Sj65WED/ofuuzXDkxpY6HyBw=
21,-4,9uhvlrA0T7KlM97CkMtj5vlbcvg=,S/5Sj65WED/ofuuzXDkxpY6HyBw=
19,-7,9uhvlrA0T7KlM97CkMtj5vlbcvg=,S/5Sj65WED/ofuuzXDkxpY6HyBw=
22,-2,9uhvlrA0T7KlM97CkMtj5vlbcvg=,S/5Sj65WED/ofuuzXDkxpY6HyBw=
20,-7,9uhvlrA0T7KlM97CkMtj5vlbcvg=,S/5Sj65WED/ofuuzXDkxpY6HyBw=
18,-7,9uhvlrA0T7KlM97CkMtj5vlbcvg=,S/5Sj65WED/ofuuzXDkxpY6HyBw=
19,-12,9uhvlrA0T7KlM97CkMtj5vlbcvg=,ETD9f95hONTbTnkPezE6Z+Q5vjA=
22,-8,9uhvlrA0T7KlM97CkMtj5vlbcvg=,S/5Sj65WED/ofuuzXDkxpY6HyBw=
17,-7,9uhvlrA0T7KlM97CkMtj5vlbcvg=,S/5Sj65WED/ofuuzXDkxpY6HyBw=
21,-8,9uhvlrA0T7KlM97CkMtj5vlbcvg=,S/5Sj65WED/ofuuzXDkxpY6HyBw=
18,-12,9uhvlrA0T7KlM97CkMtj5vlbcvg=,ETD9f95hONTbTnkPezE6Z+Q5vjA=
20,-8,9uhvlrA0T7KlM97CkMtj5vlbcvg=,S/5Sj65WED/ofuuzXDkxpY6HyBw=
19,-8,9uhvlrA0T7KlM97CkMtj5vlbcvg=,S/5Sj65WED/ofuuzXDkxpY6HyBw=
22,-4,9uhvlrA0T7KlM97CkMtj5vlbcvg=,S/5Sj65WED/ofuuzXDkxpY6HyBw=
20,-2,9uhvlrA0T7KlM97CkMtj5vlbcvg=,S/5Sj65WED/ofuuzXDkxpY6HyBw=
21,-2,9uhvlrA0T7KlM97CkMtj5vlbcvg=,S/5Sj65WED/ofuuzXDkxpY6HyBw=
17,-12,9uhvlrA0T7KlM97CkMtj5vlbcvg=,ETD9f95hONTbTnkPezE6Z+Q5vjA=
18,-8,9uhvlrA0T7KlM97CkMtj5vlbcvg=,S/5Sj65WED/ofuuzXDkxpY6HyBw=
19,-2,9uhvlrA0T7KlM97CkMtj5vlbcvg=,S/5Sj65WED/ofuuzXDkxpY6HyBw=
18,-2,9uhvlrA0T7KlM97CkMtj5vlbcvg=,S/5Sj65WED/ofuuzXDkxpY6HyBw=
17,-9,9uhvlrA0T7KlM97CkMtj5vlbcvg=,ETD9f95hONTbTnkPezE6Z+Q5vjA=
22,-3,9uhvlrA0T7KlM97CkMtj5vlbcvg=,S/5Sj65WED/ofuuzXDkxpY6HyBw=
17,-2,9uhvlrA0T7KlM97CkMtj5vlbcvg=,S/5Sj65WED/ofuuzXDkxpY6HyBw=
17,-8,9uhvlrA0T7KlM97CkMtj5vlbcvg=,S/5Sj65WED/ofuuzXDkxpY6HyBw=
22,-9,9uhvlrA0T7KlM97CkMtj5vlbcvg=,ETD9f95hONTbTnkPezE6Z+Q5vjA=
21,-3,9uhvlrA0T7KlM97CkMtj5vlbcvg=,S/5Sj65WED/ofuuzXDkxpY6HyBw=
21,-9,9uhvlrA0T7KlM97CkMtj5vlbcvg=,ETD9f95hONTbTnkPezE6Z+Q5vjA=
18,-9,9uhvlrA0T7KlM97CkMtj5vlbcvg=,ETD9f95hONTbTnkPezE6Z+Q5vjA=
20,-3,9uhvlrA0T7KlM97CkMtj5vlbcvg=,S/5Sj65WED/ofuuzXDkxpY6HyBw=
22,-13,9uhvlrA0T7KlM97CkMtj5vlbcvg=,ETD9f95hONTbTnkPezE6Z+Q5vjA=
21,-13,9uhvlrA0T7KlM97CkMtj5vlbcvg=,ETD9f95hONTbTnkPezE6Z+Q5vjA=
19,-3,9uhvlrA0T7KlM97CkMtj5vlbcvg=,S/5Sj65WED/ofuuzXDkxpY6HyBw=
18,-3,9uhvlrA0T7KlM97CkMtj5vlbcvg=,S/5Sj65WED/ofuuzXDkxpY6HyBw=
20,-9,9uhvlrA0T7KlM97CkMtj5vlbcvg=,ETD9f95hONTbTnkPezE6Z+Q5vjA=
19,-9,9uhvlrA0T7KlM97CkMtj5vlbcvg=,ETD9f95hONTbTnkPezE6Z+Q5vjA=
17,-3,9uhvlrA0T7KlM97CkMtj5vlbcvg=,S/5Sj65WED/ofuuzXDkxpY6HyBw=
20,-13,9uhvlrA0T7KlM97CkMtj5vlbcvg=,ETD9f95hONTbTnkPezE6Z+Q5vjA=
18,-13,9uhvlrA0T7KlM97CkMtj5vlbcvg=,ETD9f95hONTbTnkPezE6Z+Q5vjA=
17,-13,9uhvlrA0T7KlM97CkMtj5vlbcvg=,ETD9f95hONTbTnkPezE6Z+Q5vjA=
22,-14,9uhvlrA0T7KlM97CkMtj5vlbcvg=,ETD9f95hONTbTnkPezE6Z+Q5vjA=
18,-14,9uhvlrA0T7KlM97CkMtj5vlbcvg=,ETD9f95hONTbTnkPezE6Z+Q5vjA=
20,-14,9uhvlrA0T7KlM97CkMtj5vlbcvg=,ETD9f95hONTbTnkPezE6Z+Q5vjA=
21,-14,9uhvlrA0T7KlM97CkMtj5vlbcvg=,ETD9f95hONTbTnkPezE6Z+Q5vjA=
22,-10,9uhvlrA0T7KlM97CkMtj5vlbcvg=,ETD9f95hONTbTnkPezE6Z+Q5vjA=
21,-10,9uhvlrA0T7KlM97CkMtj5vlbcvg=,ETD9f95hONTbTnkPezE6Z+Q5vjA=
19,-10,9uhvlrA0T7KlM97CkMtj5vlbcvg=,ETD9f95hONTbTnkPezE6Z+Q5vjA=
19,-14,9uhvlrA0T7KlM97CkMtj5vlbcvg=,ETD9f95hONTbTnkPezE6Z+Q5vjA=
22,-15,9uhvlrA0T7KlM97CkMtj5vlbcvg=,ETD9f95hONTbTnkPezE6Z+Q5vjA=
20,-15,9uhvlrA0T7KlM97CkMtj5vlbcvg=,ETD9f95hONTbTnkPezE6Z+Q5vjA=
21,-15,9uhvlrA0T7KlM97CkMtj5vlbcvg=,ETD9f95hONTbTnkPezE6Z+Q5vjA=
18,-10,9uhvlrA0T7KlM97CkMtj5vlbcvg=,ETD9f95hONTbTnkPezE6Z+Q5vjA=
19,-15,9uhvlrA0T7KlM97CkMtj5vlbcvg=,ETD9f95hONTbTnkPezE6Z+Q5vjA=
17,-15,9uhvlrA0T7KlM97CkMtj5vlbcvg=,ETD9f95hONTbTnkPezE6Z+Q5vjA=
18,-15,9uhvlrA0T7KlM97CkMtj5vlbcvg=,ETD9f95hONTbTnkPezE6Z+Q5vjA=
22,-11,9uhvlrA0T7KlM97CkMtj5vlbcvg=,ETD9f95hONTbTnkPezE6Z+Q5vjA=
21,-11,9uhvlrA0T7KlM97CkMtj5vlbcvg=,ETD9f95hONTbTnkPezE6Z+Q5vjA=
17,-10,9uhvlrA0T7KlM97CkMtj5vlbcvg=,ETD9f95hONTbTnkPezE6Z+Q5vjA=
23,-11,9uhvlrA0T7KlM97CkMtj5vlbcvg=,ETD9f95hONTbTnkPezE6Z+Q5vjA=
29,-10,9uhvlrA0T7KlM97CkMtj5vlbcvg=,QzWT33Z40Fiq/+BQAkGdV5UiW6I=
28,-10,9uhvlrA0T7KlM97CkMtj5vlbcvg=,QzWT33Z40Fiq/+BQAkGdV5UiW6I=
27,-10,9uhvlrA0T7KlM97CkMtj5vlbcvg=,QzWT33Z40Fiq/+BQAkGdV5UiW6I=
29,-11,9uhvlrA0T7KlM97CkMtj5vlbcvg=,QzWT33Z40Fiq/+BQAkGdV5UiW6I=
30,-11,9uhvlrA0T7KlM97CkMtj5vlbcvg=,QzWT33Z40Fiq/+BQAkGdV5UiW6I=
23,-15,9uhvlrA0T7KlM97CkMtj5vlbcvg=,ETD9f95hONTbTnkPezE6Z+Q5vjA=
25,-10,9uhvlrA0T7KlM97CkMtj5vlbcvg=,QzWT33Z40Fiq/+BQAkGdV5UiW6I=
24,-10,9uhvlrA0T7KlM97CkMtj5vlbcvg=,QzWT33Z40Fiq/+BQAkGdV5UiW6I=
26,-10,9uhvlrA0T7KlM97CkMtj5vlbcvg=,QzWT33Z40Fiq/+BQAkGdV5UiW6I=
28,-11,9uhvlrA0T7KlM97CkMtj5vlbcvg=,QzWT33Z40Fiq/+BQAkGdV5UiW6I=
24,-15,9uhvlrA0T7KlM97CkMtj5vlbcvg=,QzWT33Z40Fiq/+BQAkGdV5UiW6I=
30,-12,9uhvlrA0T7KlM97CkMtj5vlbcvg=,QzWT33Z40Fiq/+BQAkGdV5UiW6I=
27,-11,9uhvlrA0T7KlM97CkMtj5vlbcvg=,QzWT33Z40Fiq/+BQAkGdV5UiW6I=
29,-12,9uhvlrA0T7KlM97CkMtj5vlbcvg=,QzWT33Z40Fiq/+BQAkGdV5UiW6I=
25,-11,9uhvlrA0T7KlM97CkMtj5vlbcvg=,QzWT33Z40Fiq/+BQAkGdV5UiW6I=
26,-11,9uhvlrA0T7KlM97CkMtj5vlbcvg=,QzWT33Z40Fiq/+BQAkGdV5UiW6I=
27,-12,9uhvlrA0T7KlM97CkMtj5vlbcvg=,QzWT33Z40Fiq/+BQAkGdV5UiW6I=
23,-12,9uhvlrA0T7KlM97CkMtj5vlbcvg=,ETD9f95hONTbTnkPezE6Z+Q5vjA=
24,-11,9uhvlrA0T7KlM97CkMtj5vlbcvg=,QzWT33Z40Fiq/+BQAkGdV5UiW6I=
28,-12,9uhvlrA0T7KlM97CkMtj5vlbcvg=,QzWT33Z40Fiq/+BQAkGdV5UiW6I=
26,-12,9uhvlrA0T7KlM97CkMtj5vlbcvg=,QzWT33Z40Fiq/+BQAkGdV5UiW6I=
23,-10,9uhvlrA0T7KlM97CkMtj5vlbcvg=,ETD9f95hONTbTnkPezE6Z+Q5vjA=
30,-13,9uhvlrA0T7KlM97CkMtj5vlbcvg=,QzWT33Z40Fiq/+BQAkGdV5UiW6I=
29,-13,9uhvlrA0T7KlM97CkMtj5vlbcvg=,QzWT33Z40Fiq/+BQAkGdV5UiW6I=
28,-13,9uhvlrA0T7KlM97CkMtj5vlbcvg=,QzWT33Z40Fiq/+BQAkGdV5UiW6I=
25,-12,9uhvlrA0T7KlM97CkMtj5vlbcvg=,QzWT33Z40Fiq/+BQAkGdV5UiW6I=
27,-13,9uhvlrA0T7KlM97CkMtj5vlbcvg=,QzWT33Z40Fiq/+BQAkGdV5UiW6I=
24,-12,9uhvlrA0T7KlM97CkMtj5vlbcvg=,QzWT33Z40Fiq/+BQAkGdV5UiW6I=
26,-13,9uhvlrA0T7KlM97CkMtj5vlbcvg=,QzWT33Z40Fiq/+BQAkGdV5UiW6I=
30,-14,9uhvlrA0T7KlM97CkMtj5vlbcvg=,QzWT33Z40Fiq/+BQAkGdV5UiW6I=
29,-14,9uhvlrA0T7KlM97CkMtj5vlbcvg=,QzWT33Z40Fiq/+BQAkGdV5UiW6I=
28,-14,9uhvlrA0T7KlM97CkMtj5vlbcvg=,QzWT33Z40Fiq/+BQAkGdV5UiW6I=
25,-15,9uhvlrA0T7KlM97CkMtj5vlbcvg=,QzWT33Z40Fiq/+BQAkGdV5UiW6I=
25,-13,9uhvlrA0T7KlM97CkMtj5vlbcvg=,QzWT33Z40Fiq/+BQAkGdV5UiW6I=
27,-14,9uhvlrA0T7KlM97CkMtj5vlbcvg=,QzWT33Z40Fiq/+BQAkGdV5UiW6I=
23,-13,9uhvlrA0T7KlM97CkMtj5vlbcvg=,ETD9f95hONTbTnkPezE6Z+Q5vjA=
24,-13,9uhvlrA0T7KlM97CkMtj5vlbcvg=,QzWT33Z40Fiq/+BQAkGdV5UiW6I=
26,-14,9uhvlrA0T7KlM97CkMtj5vlbcvg=,QzWT33Z40Fiq/+BQAkGdV5UiW6I=
28,-15,9uhvlrA0T7KlM97CkMtj5vlbcvg=,QzWT33Z40Fiq/+BQAkGdV5UiW6I=
30,-15,9uhvlrA0T7KlM97CkMtj5vlbcvg=,QzWT33Z40Fiq/+BQAkGdV5UiW6I=
24,-14,9uhvlrA0T7KlM97CkMtj5vlbcvg=,QzWT33Z40Fiq/+BQAkGdV5UiW6I=
26,-15,9uhvlrA0T7KlM97CkMtj5vlbcvg=,QzWT33Z40Fiq/+BQAkGdV5UiW6I=
25,-14,9uhvlrA0T7KlM97CkMtj5vlbcvg=,QzWT33Z40Fiq/+BQAkGdV5UiW6I=
27,-15,9uhvlrA0T7KlM97CkMtj5vlbcvg=,QzWT33Z40Fiq/+BQAkGdV5UiW6I=
23,-14,9uhvlrA0T7KlM97CkMtj5vlbcvg=,ETD9f95hONTbTnkPezE6Z+Q5vjA=
20,-10,9uhvlrA0T7KlM97CkMtj5vlbcvg=,ETD9f95hONTbTnkPezE6Z+Q5vjA=
29,-15,9uhvlrA0T7KlM97CkMtj5vlbcvg=,QzWT33Z40Fiq/+BQAkGdV5UiW6I=
17,-14,9uhvlrA0T7KlM97CkMtj5vlbcvg=,ETD9f95hONTbTnkPezE6Z+Q5vjA=
19,-13,9uhvlrA0T7KlM97CkMtj5vlbcvg=,ETD9f95hONTbTnkPezE6Z+Q5vjA=
28,-9,9uhvlrA0T7KlM97CkMtj5vlbcvg=,QzWT33Z40Fiq/+BQAkGdV5UiW6I=
22,-7,9uhvlrA0T7KlM97CkMtj5vlbcvg=,S/5Sj65WED/ofuuzXDkxpY6HyBw=
26,-9,9uhvlrA0T7KlM97CkMtj5vlbcvg=,QzWT33Z40Fiq/+BQAkGdV5UiW6I=
27,-9,9uhvlrA0T7KlM97CkMtj5vlbcvg=,QzWT33Z40Fiq/+BQAkGdV5UiW6I=
25,-9,9uhvlrA0T7KlM97CkMtj5vlbcvg=,QzWT33Z40Fiq/+BQAkGdV5UiW6I=
29,-2,9uhvlrA0T7KlM97CkMtj5vlbcvg=,nUHybVUNpnvmf9mCYLImIKHupAE=
28,-2,9uhvlrA0T7KlM97CkMtj5vlbcvg=,nUHybVUNpnvmf9mCYLImIKHupAE=
24,-3,9uhvlrA0T7KlM97CkMtj5vlbcvg=,nUHybVUNpnvmf9mCYLImIKHupAE=
30,-3,9uhvlrA0T7KlM97CkMtj5vlbcvg=,nUHybVUNpnvmf9mCYLImIKHupAE=
24,-9,9uhvlrA0T7KlM97CkMtj5vlbcvg=,QzWT33Z40Fiq/+BQAkGdV5UiW6I=
29,-3,9uhvlrA0T7KlM97CkMtj5vlbcvg=,nUHybVUNpnvmf9mCYLImIKHupAE=
27,-2,9uhvlrA0T7KlM97CkMtj5vlbcvg=,nUHybVUNpnvmf9mCYLImIKHupAE=
23,-6,9uhvlrA0T7KlM97CkMtj5vlbcvg=,S/5Sj65WED/ofuuzXDkxpY6HyBw=
29,-9,9uhvlrA0T7KlM97CkMtj5vlbcvg=,QzWT33Z40Fiq/+BQAkGdV5UiW6I=
28,-3,9uhvlrA0T7KlM97CkMtj5vlbcvg=,nUHybVUNpnvmf9mCYLImIKHupAE=
26,-2,9uhvlrA0T7KlM97CkMtj5vlbcvg=,nUHybVUNpnvmf9mCYLImIKHupAE=
27,-7,9uhvlrA0T7KlM97CkMtj5vlbcvg=,nUHybVUNpnvmf9mCYLImIKHupAE=
25,-2,9uhvlrA0T7KlM97CkMtj5vlbcvg=,nUHybVUNpnvmf9mCYLImIKHupAE=
30,-9,9uhvlrA0T7KlM97CkMtj5vlbcvg=,QzWT33Z40Fiq/+BQAkGdV5UiW6I=
24,-2,9uhvlrA0T7KlM97CkMtj5vlbcvg=,nUHybVUNpnvmf9mCYLImIKHupAE=
25,-4,9uhvlrA0T7KlM97CkMtj5vlbcvg=,nUHybVUNpnvmf9mCYLImIKHupAE=
27,-8,9uhvlrA0T7KlM97CkMtj5vlbcvg=,nUHybVUNpnvmf9mCYLImIKHupAE=
30,-10,9uhvlrA0T7KlM97CkMtj5vlbcvg=,QzWT33Z40Fiq/+BQAkGdV5UiW6I=
26,-7,9uhvlrA0T7KlM97CkMtj5vlbcvg=,nUHybVUNpnvmf9mCYLImIKHupAE=
30,-4,9uhvlrA0T7KlM97CkMtj5vlbcvg=,nUHybVUNpnvmf9mCYLImIKHupAE=
26,-5,9uhvlrA0T7KlM97CkMtj5vlbcvg=,nUHybVUNpnvmf9mCYLImIKHupAE=
27,-3,9uhvlrA0T7KlM97CkMtj5vlbcvg=,nUHybVUNpnvmf9mCYLImIKHupAE=
29,-4,9uhvlrA0T7KlM97CkMtj5vlbcvg=,nUHybVUNpnvmf9mCYLImIKHupAE=
23,-7,9uhvlrA0T7KlM97CkMtj5vlbcvg=,S/5Sj65WED/ofuuzXDkxpY6HyBw=
23,-2,9uhvlrA0T7KlM97CkMtj5vlbcvg=,S/5Sj65WED/ofuuzXDkxpY6HyBw=
25,-7,9uhvlrA0T7KlM97CkMtj5vlbcvg=,nUHybVUNpnvmf9mCYLImIKHupAE=
25,-3,9uhvlrA0T7KlM97CkMtj5vlbcvg=,nUHybVUNpnvmf9mCYLImIKHupAE=
23,-8,9uhvlrA0T7KlM97CkMtj5vlbcvg=,S/5Sj65WED/ofuuzXDkxpY6HyBw=
24,-7,9uhvlrA0T7KlM97CkMtj5vlbcvg=,nUHybVUNpnvmf9mCYLImIKHupAE=
30,-8,9uhvlrA0T7KlM97CkMtj5vlbcvg=,nUHybVUNpnvmf9mCYLImIKHupAE=
26,-3,9uhvlrA0T7KlM97CkMtj5vlbcvg=,nUHybVUNpnvmf9mCYLImIKHupAE=
24,-4,9uhvlrA0T7KlM97CkMtj5vlbcvg=,nUHybVUNpnvmf9mCYLImIKHupAE=
23,-3,9uhvlrA0T7KlM97CkMtj5vlbcvg=,S/5Sj65WED/ofuuzXDkxpY6HyBw=
30,-5,9uhvlrA0T7KlM97CkMtj5vlbcvg=,nUHybVUNpnvmf9mCYLImIKHupAE=
23,-9,9uhvlrA0T7KlM97CkMtj5vlbcvg=,ETD9f95hONTbTnkPezE6Z+Q5vjA=
28,-4,9uhvlrA0T7KlM97CkMtj5vlbcvg=,nUHybVUNpnvmf9mCYLImIKHupAE=
29,-5,9uhvlrA0T7KlM97CkMtj5vlbcvg=,nUHybVUNpnvmf9mCYLImIKHupAE=
29,-8,9uhvlrA0T7KlM97CkMtj5vlbcvg=,nUHybVUNpnvmf9mCYLImIKHupAE=
27,-5,9uhvlrA0T7KlM97CkMtj5vlbcvg=,nUHybVUNpnvmf9mCYLImIKHupAE=
23,-4,9uhvlrA0T7KlM97CkMtj5vlbcvg=,S/5Sj65WED/ofuuzXDkxpY6HyBw=
27,-6,9uhvlrA0T7KlM97CkMtj5vlbcvg=,nUHybVUNpnvmf9mCYLImIKHupAE=
25,-5,9uhvlrA0T7KlM97CkMtj5vlbcvg=,nUHybVUNpnvmf9mCYLImIKHupAE=
27,-4,9uhvlrA0T7KlM97CkMtj5vlbcvg=,nUHybVUNpnvmf9mCYLImIKHupAE=
24,-5,9uhvlrA0T7KlM97CkMtj5vlbcvg=,nUHybVUNpnvmf9mCYLImIKHupAE=
30,-6,9uhvlrA0T7KlM97CkMtj5vlbcvg=,nUHybVUNpnvmf9mCYLImIKHupAE=
29,-6,9uhvlrA0T7KlM97CkMtj5vlbcvg=,nUHybVUNpnvmf9mCYLImIKHupAE=
24,-8,9uhvlrA0T7KlM97CkMtj5vlbcvg=,nUHybVUNpnvmf9mCYLImIKHupAE=
28,-5,9uhvlrA0T7KlM97CkMtj5vlbcvg=,nUHybVUNpnvmf9mCYLImIKHupAE=
26,-8,9uhvlrA0T7KlM97CkMtj5vlbcvg=,nUHybVUNpnvmf9mCYLImIKHupAE=
28,-6,9uhvlrA0T7KlM97CkMtj5vlbcvg=,nUHybVUNpnvmf9mCYLImIKHupAE=
25,-8,9uhvlrA0T7KlM97CkMtj5vlbcvg=,nUHybVUNpnvmf9mCYLImIKHupAE=
30,-2,9uhvlrA0T7KlM97CkMtj5vlbcvg=,nUHybVUNpnvmf9mCYLImIKHupAE=
26,-6,9uhvlrA0T7KlM97CkMtj5vlbcvg=,nUHybVUNpnvmf9mCYLImIKHupAE=
28,-8,9uhvlrA0T7KlM97CkMtj5vlbcvg=,nUHybVUNpnvmf9mCYLImIKHupAE=
26,-4,9uhvlrA0T7KlM97CkMtj5vlbcvg=,nUHybVUNpnvmf9mCYLImIKHupAE=
28,-7,9uhvlrA0T7KlM97CkMtj5vlbcvg=,nUHybVUNpnvmf9mCYLImIKHupAE=
25,-6,9uhvlrA0T7KlM97CkMtj5vlbcvg=,nUHybVUNpnvmf9mCYLImIKHupAE=
24,-6,9uhvlrA0T7KlM97CkMtj5vlbcvg=,nUHybVUNpnvmf9mCYLImIKHupAE=
23,-5,9uhvlrA0T7KlM97CkMtj5vlbcvg=,S/5Sj65WED/ofuuzXDkxpY6HyBw=
30,-7,9uhvlrA0T7KlM97CkMtj5vlbcvg=,nUHybVUNpnvmf9mCYLImIKHupAE=
29,-7,9uhvlrA0T7KlM97CkMtj5vlbcvg=,nUHybVUNpnvmf9mCYLImIKHupAE=
28,-1,9uhvlrA0T7KlM97CkMtj5vlbcvg=,nUHybVUNpnvmf9mCYLImIKHupAE=
27,-1,9uhvlrA0T7KlM97CkMtj5vlbcvg=,nUHybVUNpnvmf9mCYLImIKHupAE=
26,-1,9uhvlrA0T7KlM97CkMtj5vlbcvg=,nUHybVUNpnvmf9mCYLImIKHupAE=
25,-1,9uhvlrA0T7KlM97CkMtj5vlbcvg=,nUHybVUNpnvmf9mCYLImIKHupAE=
31,-7,9uhvlrA0T7KlM97CkMtj5vlbcvg=,nUHybVUNpnvmf9mCYLImIKHupAE=
30,-1,9uhvlrA0T7KlM97CkMtj5vlbcvg=,nUHybVUNpnvmf9mCYLImIKHupAE=
31,-3,9uhvlrA0T7KlM97CkMtj5vlbcvg=,nUHybVUNpnvmf9mCYLImIKHupAE=
31,-4,9uhvlrA0T7KlM97CkMtj5vlbcvg=,nUHybVUNpnvmf9mCYLImIKHupAE=
31,-6,9uhvlrA0T7KlM97CkMtj5vlbcvg=,nUHybVUNpnvmf9mCYLImIKHupAE=
29,-1,9uhvlrA0T7KlM97CkMtj5vlbcvg=,nUHybVUNpnvmf9mCYLImIKHupAE=
31,-2,9uhvlrA0T7KlM97CkMtj5vlbcvg=,nUHybVUNpnvmf9mCYLImIKHupAE=
31,-5,9uhvlrA0T7KlM97CkMtj5vlbcvg=,nUHybVUNpnvmf9mCYLImIKHupAE=
31,-10,9uhvlrA0T7KlM97CkMtj5vlbcvg=,QzWT33Z40Fiq/+BQAkGdV5UiW6I=
24,-1,9uhvlrA0T7KlM97CkMtj5vlbcvg=,nUHybVUNpnvmf9mCYLImIKHupAE=
31,-9,9uhvlrA0T7KlM97CkMtj5vlbcvg=,QzWT33Z40Fiq/+BQAkGdV5UiW6I=
31,-11,9uhvlrA0T7KlM97CkMtj5vlbcvg=,QzWT33Z40Fiq/+BQAkGdV5UiW6I=
31,-15,9uhvlrA0T7KlM97CkMtj5vlbcvg=,QzWT33Z40Fiq/+BQAkGdV5UiW6I=
31,-12,9uhvlrA0T7KlM97CkMtj5vlbcvg=,QzWT33Z40Fiq/+BQAkGdV5UiW6I=
17,-1,9uhvlrA0T7KlM97CkMtj5vlbcvg=,S/5Sj65WED/ofuuzXDkxpY6HyBw=
31,-14,9uhvlrA0T7KlM97CkMtj5vlbcvg=,QzWT33Z40Fiq/+BQAkGdV5UiW6I=
31,-13,9uhvlrA0T7KlM97CkMtj5vlbcvg=,QzWT33Z40Fiq/+BQAkGdV5UiW6I=
18,-1,9uhvlrA0T7KlM97CkMtj5vlbcvg=,S/5Sj65WED/ofuuzXDkxpY6HyBw=
31,-8,9uhvlrA0T7KlM97CkMtj5vlbcvg=,nUHybVUNpnvmf9mCYLImIKHupAE=
19,-1,9uhvlrA0T7KlM97CkMtj5vlbcvg=,S/5Sj65WED/ofuuzXDkxpY6HyBw=
21,-1,9uhvlrA0T7KlM97CkMtj5vlbcvg=,S/5Sj65WED/ofuuzXDkxpY6HyBw=
20,-1,9uhvlrA0T7KlM97CkMtj5vlbcvg=,S/5Sj65WED/ofuuzXDkxpY6HyBw=
23,-1,9uhvlrA0T7KlM97CkMtj5vlbcvg=,S/5Sj65WED/ofuuzXDkxpY6HyBw=
22,-1,9uhvlrA0T7KlM97CkMtj5vlbcvg=,S/5Sj65WED/ofuuzXDkxpY6HyBw=
16,-5,9uhvlrA0T7KlM97CkMtj5vlbcvg=,S/5Sj65WED/ofuuzXDkxpY6HyBw=
16,-6,9uhvlrA0T7KlM97CkMtj5vlbcvg=,S/5Sj65WED/ofuuzXDkxpY6HyBw=
16,-4,9uhvlrA0T7KlM97CkMtj5vlbcvg=,S/5Sj65WED/ofuuzXDkxpY6HyBw=
16,-3,9uhvlrA0T7KlM97CkMtj5vlbcvg=,S/5Sj65WED/ofuuzXDkxpY6HyBw=
16,-2,9uhvlrA0T7KlM97CkMtj5vlbcvg=,S/5Sj65WED/ofuuzXDkxpY6HyBw=
29,-16,9uhvlrA0T7KlM97CkMtj5vlbcvg=,QzWT33Z40Fiq/+BQAkGdV5UiW6I=
28,-16,9uhvlrA0T7KlM97CkMtj5vlbcvg=,QzWT33Z40Fiq/+BQAkGdV5UiW6I=
25,-16,9uhvlrA0T7KlM97CkMtj5vlbcvg=,QzWT33Z40Fiq/+BQAkGdV5UiW6I=
30,-16,9uhvlrA0T7KlM97CkMtj5vlbcvg=,QzWT33Z40Fiq/+BQAkGdV5UiW6I=
16,-7,9uhvlrA0T7KlM97CkMtj5vlbcvg=,S/5Sj65WED/ofuuzXDkxpY6HyBw=
27,-16,9uhvlrA0T7KlM97CkMtj5vlbcvg=,QzWT33Z40Fiq/+BQAkGdV5UiW6I=
24,-16,9uhvlrA0T7KlM97CkMtj5vlbcvg=,QzWT33Z40Fiq/+BQAkGdV5UiW6I=
26,-16,9uhvlrA0T7KlM97CkMtj5vlbcvg=,QzWT33Z40Fiq/+BQAkGdV5UiW6I=
16,-10,9uhvlrA0T7KlM97CkMtj5vlbcvg=,ETD9f95hONTbTnkPezE6Z+Q5vjA=
23,-16,9uhvlrA0T7KlM97CkMtj5vlbcvg=,ETD9f95hONTbTnkPezE6Z+Q5vjA=
16,-12,9uhvlrA0T7KlM97CkMtj5vlbcvg=,ETD9f95hONTbTnkPezE6Z+Q5vjA=
16,-11,9uhvlrA0T7KlM97CkMtj5vlbcvg=,ETD9f95hONTbTnkPezE6Z+Q5vjA=
17,-16,9uhvlrA0T7KlM97CkMtj5vlbcvg=,ETD9f95hONTbTnkPezE6Z+Q5vjA=
16,-13,9uhvlrA0T7KlM97CkMtj5vlbcvg=,ETD9f95hONTbTnkPezE6Z+Q5vjA=
16,-8,9uhvlrA0T7KlM97CkMtj5vlbcvg=,S/5Sj65WED/ofuuzXDkxpY6HyBw=
16,-15,9uhvlrA0T7KlM97CkMtj5vlbcvg=,ETD9f95hONTbTnkPezE6Z+Q5vjA=
16,-14,9uhvlrA0T7KlM97CkMtj5vlbcvg=,ETD9f95hONTbTnkPezE6Z+Q5vjA=
16,-9,9uhvlrA0T7KlM97CkMtj5vlbcvg=,ETD9f95hONTbTnkPezE6Z+Q5vjA=
18,-16,9uhvlrA0T7KlM97CkMtj5vlbcvg=,ETD9f95hONTbTnkPezE6Z+Q5vjA=
22,-16,9uhvlrA0T7KlM97CkMtj5vlbcvg=,ETD9f95hONTbTnkPezE6Z+Q5vjA=
21,-16,9uhvlrA0T7KlM97CkMtj5vlbcvg=,ETD9f95hONTbTnkPezE6Z+Q5vjA=
19,-16,9uhvlrA0T7KlM97CkMtj5vlbcvg=,ETD9f95hONTbTnkPezE6Z+Q5vjA=
20,-16,9uhvlrA0T7KlM97CkMtj5vlbcvg=,ETD9f95hONTbTnkPezE6Z+Q5vjA=
31,-1,9uhvlrA0T7KlM97CkMtj5vlbcvg=,nUHybVUNpnvmf9mCYLImIKHupAE=
31,-16,9uhvlrA0T7KlM97CkMtj5vlbcvg=,QzWT33Z40Fiq/+BQAkGdV5UiW6I=
16,-1,9uhvlrA0T7KlM97CkMtj5vlbcvg=,S/5Sj65WED/ofuuzXDkxpY6HyBw=
16,-16,9uhvlrA0T7KlM97CkMtj5vlbcvg=,ETD9f95hONTbTnkPezE6Z+Q5vjA=
28,-26,11TRfq2+jAbP2zswDCh8ccGsRg8=,QzWT33Z40Fiq/+BQAkGdV5UiW6I=
27,-26,11TRfq2+jAbP2zswDCh8ccGsRg8=,QzWT33Z40Fiq/+BQAkGdV5UiW6I=
25,-31,11TRfq2+jAbP2zswDCh8ccGsRg8=,QzWT33Z40Fiq/+BQAkGdV5UiW6I=
29,-26,11TRfq2+jAbP2zswDCh8ccGsRg8=,QzWT33Z40Fiq/+BQAkGdV5UiW6I=
30,-26,11TRfq2+jAbP2zswDCh8ccGsRg8=,QzWT33Z40Fiq/+BQAkGdV5UiW6I=
26,-26,11TRfq2+jAbP2zswDCh8ccGsRg8=,QzWT33Z40Fiq/+BQAkGdV5UiW6I=
25,-26,11TRfq2+jAbP2zswDCh8ccGsRg8=,QzWT33Z40Fiq/+BQAkGdV5UiW6I=
26,-31,11TRfq2+jAbP2zswDCh8ccGsRg8=,QzWT33Z40Fiq/+BQAkGdV5UiW6I=
28,-27,11TRfq2+jAbP2zswDCh8ccGsRg8=,QzWT33Z40Fiq/+BQAkGdV5UiW6I=
30,-27,11TRfq2+jAbP2zswDCh8ccGsRg8=,QzWT33Z40Fiq/+BQAkGdV5UiW6I=
26,-27,11TRfq2+jAbP2zswDCh8ccGsRg8=,QzWT33Z40Fiq/+BQAkGdV5UiW6I=
27,-27,11TRfq2+jAbP2zswDCh8ccGsRg8=,QzWT33Z40Fiq/+BQAkGdV5UiW6I=
29,-27,11TRfq2+jAbP2zswDCh8ccGsRg8=,QzWT33Z40Fiq/+BQAkGdV5UiW6I=
25,-27,11TRfq2+jAbP2zswDCh8ccGsRg8=,QzWT33Z40Fiq/+BQAkGdV5UiW6I=
27,-31,11TRfq2+jAbP2zswDCh8ccGsRg8=,QzWT33Z40Fiq/+BQAkGdV5UiW6I=
28,-28,11TRfq2+jAbP2zswDCh8ccGsRg8=,QzWT33Z40Fiq/+BQAkGdV5UiW6I=
30,-28,11TRfq2+jAbP2zswDCh8ccGsRg8=,QzWT33Z40Fiq/+BQAkGdV5UiW6I=
29,-28,11TRfq2+jAbP2zswDCh8ccGsRg8=,QzWT33Z40Fiq/+BQAkGdV5UiW6I=
19,-21,11TRfq2+jAbP2zswDCh8ccGsRg8=,ETD9f95hONTbTnkPezE6Z+Q5vjA=
28,-31,11TRfq2+jAbP2zswDCh8ccGsRg8=,QzWT33Z40Fiq/+BQAkGdV5UiW6I=
20,-21,11TRfq2+jAbP2zswDCh8ccGsRg8=,ETD9f95hONTbTnkPezE6Z+Q5vjA=
25,-28,11TRfq2+jAbP2zswDCh8ccGsRg8=,QzWT33Z40Fiq/+BQAkGdV5UiW6I=
27,-28,11TRfq2+jAbP2zswDCh8ccGsRg8=,QzWT33Z40Fiq/+BQAkGdV5UiW6I=
29,-31,11TRfq2+jAbP2zswDCh8ccGsRg8=,QzWT33Z40Fiq/+BQAkGdV5UiW6I=
26,-28,11TRfq2+jAbP2zswDCh8ccGsRg8=,QzWT33Z40Fiq/+BQAkGdV5UiW6I=
18,-21,11TRfq2+jAbP2zswDCh8ccGsRg8=,ETD9f95hONTbTnkPezE6Z+Q5vjA=
21,-21,11TRfq2+jAbP2zswDCh8ccGsRg8=,ETD9f95hONTbTnkPezE6Z+Q5vjA=
17,-21,11TRfq2+jAbP2zswDCh8ccGsRg8=,ETD9f95hONTbTnkPezE6Z+Q5vjA=
30,-31,11TRfq2+jAbP2zswDCh8ccGsRg8=,QzWT33Z40Fiq/+BQAkGdV5UiW6I=
22,-22,11TRfq2+jAbP2zswDCh8ccGsRg8=,ETD9f95hONTbTnkPezE6Z+Q5vjA=
21,-22,11TRfq2+jAbP2zswDCh8ccGsRg8=,ETD9f95hONTbTnkPezE6Z+Q5vjA=
22,-21,11TRfq2+jAbP2zswDCh8ccGsRg8=,ETD9f95hONTbTnkPezE6Z+Q5vjA=
25,-30,11TRfq2+jAbP2zswDCh8ccGsRg8=,QzWT33Z40Fiq/+BQAkGdV5UiW6I=
29,-29,11TRfq2+jAbP2zswDCh8ccGsRg8=,QzWT33Z40Fiq/+BQAkGdV5UiW6I=
28,-29,11TRfq2+jAbP2zswDCh8ccGsRg8=,QzWT33Z40Fiq/+BQAkGdV5UiW6I=
20,-22,11TRfq2+jAbP2zswDCh8ccGsRg8=,ETD9f95hONTbTnkPezE6Z+Q5vjA=
26,-30,11TRfq2+jAbP2zswDCh8ccGsRg8=,QzWT33Z40Fiq/+BQAkGdV5UiW6I=
19,-22,11TRfq2+jAbP2zswDCh8ccGsRg8=,ETD9f95hONTbTnkPezE6Z+Q5vjA=
27,-29,11TRfq2+jAbP2zswDCh8ccGsRg8=,QzWT33Z40Fiq/+BQAkGdV5UiW6I=
27,-30,11TRfq2+jAbP2zswDCh8ccGsRg8=,QzWT33Z40Fiq/+BQAkGdV5UiW6I=
18,-22,11TRfq2+jAbP2zswDCh8ccGsRg8=,ETD9f95hONTbTnkPezE6Z+Q5vjA=
26,-29,11TRfq2+jAbP2zswDCh8ccGsRg8=,QzWT33Z40Fiq/+BQAkGdV5UiW6I=
17,-22,11TRfq2+jAbP2zswDCh8ccGsRg8=,ETD9f95hONTbTnkPezE6Z+Q5vjA=
25,-29,11TRfq2+jAbP2zswDCh8ccGsRg8=,QzWT33Z40Fiq/+BQAkGdV5UiW6I=
28,-30,11TRfq2+jAbP2zswDCh8ccGsRg8=,QzWT33Z40Fiq/+BQAkGdV5UiW6I=
22,-23,11TRfq2+jAbP2zswDCh8ccGsRg8=,ETD9f95hONTbTnkPezE6Z+Q5vjA=
21,-23,11TRfq2+jAbP2zswDCh8ccGsRg8=,ETD9f95hONTbTnkPezE6Z+Q5vjA=
20,-23,11TRfq2+jAbP2zswDCh8ccGsRg8=,ETD9f95hONTbTnkPezE6Z+Q5vjA=
30,-30,11TRfq2+jAbP2zswDCh8ccGsRg8=,QzWT33Z40Fiq/+BQAkGdV5UiW6I=
29,-30,11TRfq2+jAbP2zswDCh8ccGsRg8=,QzWT33Z40Fiq/+BQAkGdV5UiW6I=
22,-18,11TRfq2+jAbP2zswDCh8ccGsRg8=,ETD9f95hONTbTnkPezE6Z+Q5vjA=
21,-18,11TRfq2+jAbP2zswDCh8ccGsRg8=,ETD9f95hONTbTnkPezE6Z+Q5vjA=
19,-23,11TRfq2+jAbP2zswDCh8ccGsRg8=,ETD9f95hONTbTnkPezE6Z+Q5vjA=
20,-18,11TRfq2+jAbP2zswDCh8ccGsRg8=,ETD9f95hONTbTnkPezE6Z+Q5vjA=
18,-18,11TRfq2+jAbP2zswDCh8ccGsRg8=,ETD9f95hONTbTnkPezE6Z+Q5vjA=
19,-18,11TRfq2+jAbP2zswDCh8ccGsRg8=,ETD9f95hONTbTnkPezE6Z+Q5vjA=
17,-18,11TRfq2+jAbP2zswDCh8ccGsRg8=,ETD9f95hONTbTnkPezE6Z+Q5vjA=
17,-20,11TRfq2+jAbP2zswDCh8ccGsRg8=,ETD9f95hONTbTnkPezE6Z+Q5vjA=
18,-23,11TRfq2+jAbP2zswDCh8ccGsRg8=,ETD9f95hONTbTnkPezE6Z+Q5vjA=
17,-23,11TRfq2+jAbP2zswDCh8ccGsRg8=,ETD9f95hONTbTnkPezE6Z+Q5vjA=
18,-20,11TRfq2+jAbP2zswDCh8ccGsRg8=,ETD9f95hONTbTnkPezE6Z+Q5vjA=
21,-19,11TRfq2+jAbP2zswDCh8ccGsRg8=,ETD9f95hONTbTnkPezE6Z+Q5vjA=
20,-19,11TRfq2+jAbP2zswDCh8ccGsRg8=,ETD9f95hONTbTnkPezE6Z+Q5vjA=
22,-19,11TRfq2+jAbP2zswDCh8ccGsRg8=,ETD9f95hONTbTnkPezE6Z+Q5vjA=
19,-19,11TRfq2+jAbP2zswDCh8ccGsRg8=,ETD9f95hONTbTnkPezE6Z+Q5vjA=
18,-19,11TRfq2+jAbP2zswDCh8ccGsRg8=,ETD9f95hONTbTnkPezE6Z+Q5vjA=
19,-20,11TRfq2+jAbP2zswDCh8ccGsRg8=,ETD9f95hONTbTnkPezE6Z+Q5vjA=
17,-19,11TRfq2+jAbP2zswDCh8ccGsRg8=,ETD9f95hONTbTnkPezE6Z+Q5vjA=
22,-20,11TRfq2+jAbP2zswDCh8ccGsRg8=,ETD9f95hONTbTnkPezE6Z+Q5vjA=
21,-20,11TRfq2+jAbP2zswDCh8ccGsRg8=,ETD9f95hONTbTnkPezE6Z+Q5vjA=
20,-20,11TRfq2+jAbP2zswDCh8ccGsRg8=,ETD9f95hONTbTnkPezE6Z+Q5vjA=
30,-29,11TRfq2+jAbP2zswDCh8ccGsRg8=,QzWT33Z40Fiq/+BQAkGdV5UiW6I=
19,-27,11TRfq2+jAbP2zswDCh8ccGsRg8=,WM5v9eKSCCld9I07zmcj2JW0AYI=
20,-27,11TRfq2+jAbP2zswDCh8ccGsRg8=,WM5v9eKSCCld9I07zmcj2JW0AYI=
17,-27,11TRfq2+jAbP2zswDCh8ccGsRg8=,WM5v9eKSCCld9I07zmcj2JW0AYI=
28,-25,11TRfq2+jAbP2zswDCh8ccGsRg8=,QzWT33Z40Fiq/+BQAkGdV5UiW6I=
18,-27,11TRfq2+jAbP2zswDCh8ccGsRg8=,WM5v9eKSCCld9I07zmcj2JW0AYI=
24,-27,11TRfq2+jAbP2zswDCh8ccGsRg8=,QzWT33Z40Fiq/+BQAkGdV5UiW6I=
24,-26,11TRfq2+jAbP2zswDCh8ccGsRg8=,QzWT33Z40Fiq/+BQAkGdV5UiW6I=
29,-18,11TRfq2+jAbP2zswDCh8ccGsRg8=,QzWT33Z40Fiq/+BQAkGdV5UiW6I=
22,-28,11TRfq2+jAbP2zswDCh8ccGsRg8=,WM5v9eKSCCld9I07zmcj2JW0AYI=
21,-27,11TRfq2+jAbP2zswDCh8ccGsRg8=,WM5v9eKSCCld9I07zmcj2JW0AYI=
23,-28,11TRfq2+jAbP2zswDCh8ccGsRg8=,WM5v9eKSCCld9I07zmcj2JW0AYI=
30,-19,11TRfq2+jAbP2zswDCh8ccGsRg8=,QzWT33Z40Fiq/+BQAkGdV5UiW6I=
22,-27,11TRfq2+jAbP2zswDCh8ccGsRg8=,WM5v9eKSCCld9I07zmcj2JW0AYI=
28,-18,11TRfq2+jAbP2zswDCh8ccGsRg8=,QzWT33Z40Fiq/+BQAkGdV5UiW6I=
27,-25,11TRfq2+jAbP2zswDCh8ccGsRg8=,QzWT33Z40Fiq/+BQAkGdV5UiW6I=
29,-19,11TRfq2+jAbP2zswDCh8ccGsRg8=,QzWT33Z40Fiq/+BQAkGdV5UiW6I=
21,-28,11TRfq2+jAbP2zswDCh8ccGsRg8=,WM5v9eKSCCld9I07zmcj2JW0AYI=
23,-27,11TRfq2+jAbP2zswDCh8ccGsRg8=,WM5v9eKSCCld9I07zmcj2JW0AYI=
29,-25,11TRfq2+jAbP2zswDCh8ccGsRg8=,QzWT33Z40Fiq/+BQAkGdV5UiW6I=
24,-28,11TRfq2+jAbP2zswDCh8ccGsRg8=,QzWT33Z40Fiq/+BQAkGdV5UiW6I=
26,-25,11TRfq2+jAbP2zswDCh8ccGsRg8=,QzWT33Z40Fiq/+BQAkGdV5UiW6I=
19,-28,11TRfq2+jAbP2zswDCh8ccGsRg8=,WM5v9eKSCCld9I07zmcj2JW0AYI=
25,-25,11TRfq2+jAbP2zswDCh8ccGsRg8=,QzWT33Z40Fiq/+BQAkGdV5UiW6I=
24,-25,11TRfq2+jAbP2zswDCh8ccGsRg8=,QzWT33Z40Fiq/+BQAkGdV5UiW6I=
20,-28,11TRfq2+jAbP2zswDCh8ccGsRg8=,WM5v9eKSCCld9I07zmcj2JW0AYI=
28,-19,11TRfq2+jAbP2zswDCh8ccGsRg8=,QzWT33Z40Fiq/+BQAkGdV5UiW6I=
18,-28,11TRfq2+jAbP2zswDCh8ccGsRg8=,WM5v9eKSCCld9I07zmcj2JW0AYI=
24,-18,11TRfq2+jAbP2zswDCh8ccGsRg8=,QzWT33Z40Fiq/+BQAkGdV5UiW6I=
17,-28,11TRfq2+jAbP2zswDCh8ccGsRg8=,WM5v9eKSCCld9I07zmcj2JW0AYI=
23,-29,11TRfq2+jAbP2zswDCh8ccGsRg8=,WM5v9eKSCCld9I07zmcj2JW0AYI=
17,-26,11TRfq2+jAbP2zswDCh8ccGsRg8=,WM5v9eKSCCld9I07zmcj2JW0AYI=
22,-29,11TRfq2+jAbP2zswDCh8ccGsRg8=,WM5v9eKSCCld9I07zmcj2JW0AYI=
21,-29,11TRfq2+jAbP2zswDCh8ccGsRg8=,WM5v9eKSCCld9I07zmcj2JW0AYI=
23,-22,11TRfq2+jAbP2zswDCh8ccGsRg8=,ETD9f95hONTbTnkPezE6Z+Q5vjA=
24,-29,11TRfq2+jAbP2zswDCh8ccGsRg8=,QzWT33Z40Fiq/+BQAkGdV5UiW6I=
30,-25,11TRfq2+jAbP2zswDCh8ccGsRg8=,QzWT33Z40Fiq/+BQAkGdV5UiW6I=
20,-29,11TRfq2+jAbP2zswDCh8ccGsRg8=,WM5v9eKSCCld9I07zmcj2JW0AYI=
23,-23,11TRfq2+jAbP2zswDCh8ccGsRg8=,ETD9f95hONTbTnkPezE6Z+Q5vjA=
23,-18,11TRfq2+jAbP2zswDCh8ccGsRg8=,ETD9f95hONTbTnkPezE6Z+Q5vjA=
19,-29,11TRfq2+jAbP2zswDCh8ccGsRg8=,WM5v9eKSCCld9I07zmcj2JW0AYI=
30,-18,11TRfq2+jAbP2zswDCh8ccGsRg8=,QzWT33Z40Fiq/+BQAkGdV5UiW6I=
27,-18,11TRfq2+jAbP2zswDCh8ccGsRg8=,QzWT33Z40Fiq/+BQAkGdV5UiW6I=
25,-21,11TRfq2+jAbP2zswDCh8ccGsRg8=,QzWT33Z40Fiq/+BQAkGdV5UiW6I=
24,-20,11TRfq2+jAbP2zswDCh8ccGsRg8=,QzWT33Z40Fiq/+BQAkGdV5UiW6I=
30,-21,11TRfq2+jAbP2zswDCh8ccGsRg8=,QzWT33Z40Fiq/+BQAkGdV5UiW6I=
18,-26,11TRfq2+jAbP2zswDCh8ccGsRg8=,WM5v9eKSCCld9I07zmcj2JW0AYI=
26,-24,11TRfq2+jAbP2zswDCh8ccGsRg8=,QzWT33Z40Fiq/+BQAkGdV5UiW6I=
22,-24,11TRfq2+jAbP2zswDCh8ccGsRg8=,ETD9f95hONTbTnkPezE6Z+Q5vjA=
30,-20,11TRfq2+jAbP2zswDCh8ccGsRg8=,QzWT33Z40Fiq/+BQAkGdV5UiW6I=
18,-29,11TRfq2+jAbP2zswDCh8ccGsRg8=,WM5v9eKSCCld9I07zmcj2JW0AYI=
24,-24,11TRfq2+jAbP2zswDCh8ccGsRg8=,QzWT33Z40Fiq/+BQAkGdV5UiW6I=
29,-20,11TRfq2+jAbP2zswDCh8ccGsRg8=,QzWT33Z40Fiq/+BQAkGdV5UiW6I=
17,-29,11TRfq2+jAbP2zswDCh8ccGsRg8=,WM5v9eKSCCld9I07zmcj2JW0AYI=
29,-21,11TRfq2+jAbP2zswDCh8ccGsRg8=,QzWT33Z40Fiq/+BQAkGdV5UiW6I=
19,-26,11TRfq2+jAbP2zswDCh8ccGsRg8=,WM5v9eKSCCld9I07zmcj2JW0AYI=
23,-30,11TRfq2+jAbP2zswDCh8ccGsRg8=,WM5v9eKSCCld9I07zmcj2JW0AYI=
23,-24,11TRfq2+jAbP2zswDCh8ccGsRg8=,ETD9f95hONTbTnkPezE6Z+Q5vjA=
28,-20,11TRfq2+jAbP2zswDCh8ccGsRg8=,QzWT33Z40Fiq/+BQAkGdV5UiW6I=
25,-24,11TRfq2+jAbP2zswDCh8ccGsRg8=,QzWT33Z40Fiq/+BQAkGdV5UiW6I=
24,-30,11TRfq2+jAbP2zswDCh8ccGsRg8=,QzWT33Z40Fiq/+BQAkGdV5UiW6I=
22,-30,11TRfq2+jAbP2zswDCh8ccGsRg8=,WM5v9eKSCCld9I07zmcj2JW0AYI=
20,-26,11TRfq2+jAbP2zswDCh8ccGsRg8=,WM5v9eKSCCld9I07zmcj2JW0AYI=
26,-18,11TRfq2+jAbP2zswDCh8ccGsRg8=,QzWT33Z40Fiq/+BQAkGdV5UiW6I=
23,-19,11TRfq2+jAbP2zswDCh8ccGsRg8=,ETD9f95hONTbTnkPezE6Z+Q5vjA=
21,-30,11TRfq2+jAbP2zswDCh8ccGsRg8=,WM5v9eKSCCld9I07zmcj2JW0AYI=
28,-24,11TRfq2+jAbP2zswDCh8ccGsRg8=,QzWT33Z40Fiq/+BQAkGdV5UiW6I=
27,-20,11TRfq2+jAbP2zswDCh8ccGsRg8=,QzWT33Z40Fiq/+BQAkGdV5UiW6I=
20,-30,11TRfq2+jAbP2zswDCh8ccGsRg8=,WM5v9eKSCCld9I07zmcj2JW0AYI=
21,-24,11TRfq2+jAbP2zswDCh8ccGsRg8=,ETD9f95hONTbTnkPezE6Z+Q5vjA=
24,-21,11TRfq2+jAbP2zswDCh8ccGsRg8=,QzWT33Z40Fiq/+BQAkGdV5UiW6I=
21,-26,11TRfq2+jAbP2zswDCh8ccGsRg8=,WM5v9eKSCCld9I07zmcj2JW0AYI=
26,-22,11TRfq2+jAbP2zswDCh8ccGsRg8=,QzWT33Z40Fiq/+BQAkGdV5UiW6I=
19,-30,11TRfq2+jAbP2zswDCh8ccGsRg8=,WM5v9eKSCCld9I07zmcj2JW0AYI=
18,-30,11TRfq2+jAbP2zswDCh8ccGsRg8=,WM5v9eKSCCld9I07zmcj2JW0AYI=
22,-26,11TRfq2+jAbP2zswDCh8ccGsRg8=,WM5v9eKSCCld9I07zmcj2JW0AYI=
27,-19,11TRfq2+jAbP2zswDCh8ccGsRg8=,QzWT33Z40Fiq/+BQAkGdV5UiW6I=
17,-30,11TRfq2+jAbP2zswDCh8ccGsRg8=,WM5v9eKSCCld9I07zmcj2JW0AYI=
28,-23,11TRfq2+jAbP2zswDCh8ccGsRg8=,QzWT33Z40Fiq/+BQAkGdV5UiW6I=
26,-20,11TRfq2+jAbP2zswDCh8ccGsRg8=,QzWT33Z40Fiq/+BQAkGdV5UiW6I=
23,-26,11TRfq2+jAbP2zswDCh8ccGsRg8=,WM5v9eKSCCld9I07zmcj2JW0AYI=
20,-24,11TRfq2+jAbP2zswDCh8ccGsRg8=,ETD9f95hONTbTnkPezE6Z+Q5vjA=
23,-31,11TRfq2+jAbP2zswDCh8ccGsRg8=,WM5v9eKSCCld9I07zmcj2JW0AYI=
22,-31,11TRfq2+jAbP2zswDCh8ccGsRg8=,WM5v9eKSCCld9I07zmcj2JW0AYI=
28,-21,11TRfq2+jAbP2zswDCh8ccGsRg8=,QzWT33Z40Fiq/+BQAkGdV5UiW6I=
29,-23,11TRfq2+jAbP2zswDCh8ccGsRg8=,QzWT33Z40Fiq/+BQAkGdV5UiW6I=
21,-31,11TRfq2+jAbP2zswDCh8ccGsRg8=,WM5v9eKSCCld9I07zmcj2JW0AYI=
30,-22,11TRfq2+jAbP2zswDCh8ccGsRg8=,QzWT33Z40Fiq/+BQAkGdV5UiW6I=
20,-31,11TRfq2+jAbP2zswDCh8ccGsRg8=,WM5v9eKSCCld9I07zmcj2JW0AYI=
17,-25,11TRfq2+jAbP2zswDCh8ccGsRg8=,WM5v9eKSCCld9I07zmcj2JW0AYI=
25,-20,11TRfq2+jAbP2zswDCh8ccGsRg8=,QzWT33Z40Fiq/+BQAkGdV5UiW6I=
30,-23,11TRfq2+jAbP2zswDCh8ccGsRg8=,QzWT33Z40Fiq/+BQAkGdV5UiW6I=
19,-24,11TRfq2+jAbP2zswDCh8ccGsRg8=,ETD9f95hONTbTnkPezE6Z+Q5vjA=
18,-24,11TRfq2+jAbP2zswDCh8ccGsRg8=,ETD9f95hONTbTnkPezE6Z+Q5vjA=
19,-31,11TRfq2+jAbP2zswDCh8ccGsRg8=,WM5v9eKSCCld9I07zmcj2JW0AYI=
17,-24,11TRfq2+jAbP2zswDCh8ccGsRg8=,ETD9f95hONTbTnkPezE6Z+Q5vjA=
18,-25,11TRfq2+jAbP2zswDCh8ccGsRg8=,WM5v9eKSCCld9I07zmcj2JW0AYI=
29,-24,11TRfq2+jAbP2zswDCh8ccGsRg8=,QzWT33Z40Fiq/+BQAkGdV5UiW6I=
23,-20,11TRfq2+jAbP2zswDCh8ccGsRg8=,ETD9f95hONTbTnkPezE6Z+Q5vjA=
25,-18,11TRfq2+jAbP2zswDCh8ccGsRg8=,QzWT33Z40Fiq/+BQAkGdV5UiW6I=
24,-31,11TRfq2+jAbP2zswDCh8ccGsRg8=,QzWT33Z40Fiq/+BQAkGdV5UiW6I=
27,-21,11TRfq2+jAbP2zswDCh8ccGsRg8=,QzWT33Z40Fiq/+BQAkGdV5UiW6I=
24,-22,11TRfq2+jAbP2zswDCh8ccGsRg8=,QzWT33Z40Fiq/+BQAkGdV5UiW6I=
23,-25,11TRfq2+jAbP2zswDCh8ccGsRg8=,WM5v9eKSCCld9I07zmcj2JW0AYI=
29,-22,11TRfq2+jAbP2zswDCh8ccGsRg8=,QzWT33Z40Fiq/+BQAkGdV5UiW6I=
22,-25,11TRfq2+jAbP2zswDCh8ccGsRg8=,WM5v9eKSCCld9I07zmcj2JW0AYI=
26,-19,11TRfq2+jAbP2zswDCh8ccGsRg8=,QzWT33Z40Fiq/+BQAkGdV5UiW6I=
21,-25,11TRfq2+jAbP2zswDCh8ccGsRg8=,WM5v9eKSCCld9I07zmcj2JW0AYI=
19,-25,11TRfq2+jAbP2zswDCh8ccGsRg8=,WM5v9eKSCCld9I07zmcj2JW0AYI=
27,-24,11TRfq2+jAbP2zswDCh8ccGsRg8=,QzWT33Z40Fiq/+BQAkGdV5UiW6I=
20,-25,11TRfq2+jAbP2zswDCh8ccGsRg8=,WM5v9eKSCCld9I07zmcj2JW0AYI=
27,-23,11TRfq2+jAbP2zswDCh8ccGsRg8=,QzWT33Z40Fiq/+BQAkGdV5UiW6I=
30,-24,11TRfq2+jAbP2zswDCh8ccGsRg8=,QzWT33Z40Fiq/+BQAkGdV5UiW6I=
25,-19,11TRfq2+jAbP2zswDCh8ccGsRg8=,QzWT33Z40Fiq/+BQAkGdV5UiW6I=
18,-31,11TRfq2+jAbP2zswDCh8ccGsRg8=,WM5v9eKSCCld9I07zmcj2JW0AYI=
17,-31,11TRfq2+jAbP2zswDCh8ccGsRg8=,WM5v9eKSCCld9I07zmcj2JW0AYI=
28,-22,11TRfq2+jAbP2zswDCh8ccGsRg8=,QzWT33Z40Fiq/+BQAkGdV5UiW6I=
26,-23,11TRfq2+jAbP2zswDCh8ccGsRg8=,QzWT33Z40Fiq/+BQAkGdV5UiW6I=
25,-22,11TRfq2+jAbP2zswDCh8ccGsRg8=,QzWT33Z40Fiq/+BQAkGdV5UiW6I=
23,-21,11TRfq2+jAbP2zswDCh8ccGsRg8=,ETD9f95hONTbTnkPezE6Z+Q5vjA=
25,-23,11TRfq2+jAbP2zswDCh8ccGsRg8=,QzWT33Z40Fiq/+BQAkGdV5UiW6I=
27,-22,11TRfq2+jAbP2zswDCh8ccGsRg8=,QzWT33Z40Fiq/+BQAkGdV5UiW6I=
24,-23,11TRfq2+jAbP2zswDCh8ccGsRg8=,QzWT33Z40Fiq/+BQAkGdV5UiW6I=
26,-21,11TRfq2+jAbP2zswDCh8ccGsRg8=,QzWT33Z40Fiq/+BQAkGdV5UiW6I=
24,-19,11TRfq2+jAbP2zswDCh8ccGsRg8=,QzWT33Z40Fiq/+BQAkGdV5UiW6I=
28,-17,11TRfq2+jAbP2zswDCh8ccGsRg8=,QzWT33Z40Fiq/+BQAkGdV5UiW6I=
17,-17,11TRfq2+jAbP2zswDCh8ccGsRg8=,ETD9f95hONTbTnkPezE6Z+Q5vjA=
20,-17,11TRfq2+jAbP2zswDCh8ccGsRg8=,ETD9f95hONTbTnkPezE6Z+Q5vjA=
19,-17,11TRfq2+jAbP2zswDCh8ccGsRg8=,ETD9f95hONTbTnkPezE6Z+Q5vjA=
21,-17,11TRfq2+jAbP2zswDCh8ccGsRg8=,ETD9f95hONTbTnkPezE6Z+Q5vjA=
18,-17,11TRfq2+jAbP2zswDCh8ccGsRg8=,ETD9f95hONTbTnkPezE6Z+Q5vjA=
27,-17,11TRfq2+jAbP2zswDCh8ccGsRg8=,QzWT33Z40Fiq/+BQAkGdV5UiW6I=
31,-21,11TRfq2+jAbP2zswDCh8ccGsRg8=,QzWT33Z40Fiq/+BQAkGdV5UiW6I=
31,-25,11TRfq2+jAbP2zswDCh8ccGsRg8=,QzWT33Z40Fiq/+BQAkGdV5UiW6I=
23,-17,11TRfq2+jAbP2zswDCh8ccGsRg8=,ETD9f95hONTbTnkPezE6Z+Q5vjA=
31,-20,11TRfq2+jAbP2zswDCh8ccGsRg8=,QzWT33Z40Fiq/+BQAkGdV5UiW6I=
26,-17,11TRfq2+jAbP2zswDCh8ccGsRg8=,QzWT33Z40Fiq/+BQAkGdV5UiW6I=
31,-18,11TRfq2+jAbP2zswDCh8ccGsRg8=,QzWT33Z40Fiq/+BQAkGdV5UiW6I=
31,-24,11TRfq2+jAbP2zswDCh8ccGsRg8=,QzWT33Z40Fiq/+BQAkGdV5UiW6I=
31,-22,11TRfq2+jAbP2zswDCh8ccGsRg8=,QzWT33Z40Fiq/+BQAkGdV5UiW6I=
31,-26,11TRfq2+jAbP2zswDCh8ccGsRg8=,QzWT33Z40Fiq/+BQAkGdV5UiW6I=
24,-17,11TRfq2+jAbP2zswDCh8ccGsRg8=,QzWT33Z40Fiq/+BQAkGdV5UiW6I=
25,-17,11TRfq2+jAbP2zswDCh8ccGsRg8=,QzWT33Z40Fiq/+BQAkGdV5UiW6I=
31,-31,11TRfq2+jAbP2zswDCh8ccGsRg8=,QzWT33Z40Fiq/+BQAkGdV5UiW6I=
30,-17,11TRfq2+jAbP2zswDCh8ccGsRg8=,QzWT33Z40Fiq/+BQAkGdV5UiW6I=
29,-17,11TRfq2+jAbP2zswDCh8ccGsRg8=,QzWT33Z40Fiq/+BQAkGdV5UiW6I=
31,-23,11TRfq2+jAbP2zswDCh8ccGsRg8=,QzWT33Z40Fiq/+BQAkGdV5UiW6I=
22,-17,11TRfq2+jAbP2zswDCh8ccGsRg8=,ETD9f95hONTbTnkPezE6Z+Q5vjA=
31,-27,11TRfq2+jAbP2zswDCh8ccGsRg8=,QzWT33Z40Fiq/+BQAkGdV5UiW6I=
31,-19,11TRfq2+jAbP2zswDCh8ccGsRg8=,QzWT33Z40Fiq/+BQAkGdV5UiW6I=
31,-28,11TRfq2+jAbP2zswDCh8ccGsRg8=,QzWT33Z40Fiq/+BQAkGdV5UiW6I=
31,-30,11TRfq2+jAbP2zswDCh8ccGsRg8=,QzWT33Z40Fiq/+BQAkGdV5UiW6I=
31,-29,11TRfq2+jAbP2zswDCh8ccGsRg8=,QzWT33Z40Fiq/+BQAkGdV5UiW6I=
16,-26,11TRfq2+jAbP2zswDCh8ccGsRg8=,WM5v9eKSCCld9I07zmcj2JW0AYI=
16,-20,11TRfq2+jAbP2zswDCh8ccGsRg8=,ETD9f95hONTbTnkPezE6Z+Q5vjA=
16,-27,11TRfq2+jAbP2zswDCh8ccGsRg8=,WM5v9eKSCCld9I07zmcj2JW0AYI=
17,-32,11TRfq2+jAbP2zswDCh8ccGsRg8=,WM5v9eKSCCld9I07zmcj2JW0AYI=
24,-32,11TRfq2+jAbP2zswDCh8ccGsRg8=,QzWT33Z40Fiq/+BQAkGdV5UiW6I=
16,-21,11TRfq2+jAbP2zswDCh8ccGsRg8=,ETD9f95hONTbTnkPezE6Z+Q5vjA=
30,-32,11TRfq2+jAbP2zswDCh8ccGsRg8=,QzWT33Z40Fiq/+BQAkGdV5UiW6I=
16,-25,11TRfq2+jAbP2zswDCh8ccGsRg8=,WM5v9eKSCCld9I07zmcj2JW0AYI=
16,-22,11TRfq2+jAbP2zswDCh8ccGsRg8=,ETD9f95hONTbTnkPezE6Z+Q5vjA=
22,-32,11TRfq2+jAbP2zswDCh8ccGsRg8=,WM5v9eKSCCld9I07zmcj2JW0AYI=
18,-32,11TRfq2+jAbP2zswDCh8ccGsRg8=,WM5v9eKSCCld9I07zmcj2JW0AYI=
25,-32,11TRfq2+jAbP2zswDCh8ccGsRg8=,QzWT33Z40Fiq/+BQAkGdV5UiW6I=
16,-28,11TRfq2+jAbP2zswDCh8ccGsRg8=,WM5v9eKSCCld9I07zmcj2JW0AYI=
16,-29,11TRfq2+jAbP2zswDCh8ccGsRg8=,WM5v9eKSCCld9I07zmcj2JW0AYI=
29,-32,11TRfq2+jAbP2zswDCh8ccGsRg8=,QzWT33Z40Fiq/+BQAkGdV5UiW6I=
16,-24,11TRfq2+jAbP2zswDCh8ccGsRg8=,ETD9f95hONTbTnkPezE6Z+Q5vjA=
21,-32,11TRfq2+jAbP2zswDCh8ccGsRg8=,WM5v9eKSCCld9I07zmcj2JW0AYI=
19,-32,11TRfq2+jAbP2zswDCh8ccGsRg8=,WM5v9eKSCCld9I07zmcj2JW0AYI=
26,-32,11TRfq2+jAbP2zswDCh8ccGsRg8=,QzWT33Z40Fiq/+BQAkGdV5UiW6I=
28,-32,11TRfq2+jAbP2zswDCh8ccGsRg8=,QzWT33Z40Fiq/+BQAkGdV5UiW6I=
16,-18,11TRfq2+jAbP2zswDCh8ccGsRg8=,ETD9f95hONTbTnkPezE6Z+Q5vjA=
16,-19,11TRfq2+jAbP2zswDCh8ccGsRg8=,ETD9f95hONTbTnkPezE6Z+Q5vjA=
16,-30,11TRfq2+jAbP2zswDCh8ccGsRg8=,WM5v9eKSCCld9I07zmcj2JW0AYI=
23,-32,11TRfq2+jAbP2zswDCh8ccGsRg8=,WM5v9eKSCCld9I07zmcj2JW0AYI=
20,-32,11TRfq2+jAbP2zswDCh8ccGsRg8=,WM5v9eKSCCld9I07zmcj2JW0AYI=
27,-32,11TRfq2+jAbP2zswDCh8ccGsRg8=,QzWT33Z40Fiq/+BQAkGdV5UiW6I=
16,-31,11TRfq2+jAbP2zswDCh8ccGsRg8=,WM5v9eKSCCld9I07zmcj2JW0AYI=
16,-23,11TRfq2+jAbP2zswDCh8ccGsRg8=,ETD9f95hONTbTnkPezE6Z+Q5vjA=
31,-32,11TRfq2+jAbP2zswDCh8ccGsRg8=,QzWT33Z40Fiq/+BQAkGdV5UiW6I=
31,-17,11TRfq2+jAbP2zswDCh8ccGsRg8=,QzWT33Z40Fiq/+BQAkGdV5UiW6I=
16,-17,11TRfq2+jAbP2zswDCh8ccGsRg8=,ETD9f95hONTbTnkPezE6Z+Q5vjA=
16,-32,11TRfq2+jAbP2zswDCh8ccGsRg8=,WM5v9eKSCCld9I07zmcj2JW0AYI=
4,-21,KM0uI/ijVzvZd+uOPnyYo12RmrY=,6ZYojFXYeMFrJl8fPFG1RuTpOnw=
2,-21,KM0uI/ijVzvZd+uOPnyYo12RmrY=,6ZYojFXYeMFrJl8fPFG1RuTpOnw=
3,-21,KM0uI/ijVzvZd+uOPnyYo12RmrY=,6ZYojFXYeMFrJl8fPFG1RuTpOnw=
1,-21,KM0uI/ijVzvZd+uOPnyYo12RmrY=,6ZYojFXYeMFrJl8fPFG1RuTpOnw=
6,-22,KM0uI/ijVzvZd+uOPnyYo12RmrY=,6ZYojFXYeMFrJl8fPFG1RuTpOnw=
5,-22,KM0uI/ijVzvZd+uOPnyYo12RmrY=,6ZYojFXYeMFrJl8fPFG1RuTpOnw=
4,-22,KM0uI/ijVzvZd+uOPnyYo12RmrY=,6ZYojFXYeMFrJl8fPFG1RuTpOnw=
5,-21,KM0uI/ijVzvZd+uOPnyYo12RmrY=,6ZYojFXYeMFrJl8fPFG1RuTpOnw=
6,-21,KM0uI/ijVzvZd+uOPnyYo12RmrY=,6ZYojFXYeMFrJl8fPFG1RuTpOnw=
1,-20,KM0uI/ijVzvZd+uOPnyYo12RmrY=,6ZYojFXYeMFrJl8fPFG1RuTpOnw=
2,-20,KM0uI/ijVzvZd+uOPnyYo12RmrY=,6ZYojFXYeMFrJl8fPFG1RuTpOnw=
3,-22,KM0uI/ijVzvZd+uOPnyYo12RmrY=,6ZYojFXYeMFrJl8fPFG1RuTpOnw=
3,-20,KM0uI/ijVzvZd+uOPnyYo12RmrY=,6ZYojFXYeMFrJl8fPFG1RuTpOnw=
2,-22,KM0uI/ijVzvZd+uOPnyYo12RmrY=,6ZYojFXYeMFrJl8fPFG1RuTpOnw=
1,-22,KM0uI/ijVzvZd+uOPnyYo12RmrY=,6ZYojFXYeMFrJl8fPFG1RuTpOnw=
7,-21,tD/ndz0T8/kf7dGbfUcofgK8bGk=,6ZYojFXYeMFrJl8fPFG1RuTpOnw=
6,-23,tD/ndz0T8/kf7dGbfUcofgK8bGk=,6ZYojFXYeMFrJl8fPFG1RuTpOnw=
5,-23,tD/ndz0T8/kf7dGbfUcofgK8bGk=,6ZYojFXYeMFrJl8fPFG1RuTpOnw=
4,-20,tD/ndz0T8/kf7dGbfUcofgK8bGk=,6ZYojFXYeMFrJl8fPFG1RuTpOnw=
3,-23,tD/ndz0T8/kf7dGbfUcofgK8bGk=,6ZYojFXYeMFrJl8fPFG1RuTpOnw=
14,-20,tD/ndz0T8/kf7dGbfUcofgK8bGk=,fD/mDuWu64/H8DuP2AN7ghFrw7M=
4,-23,tD/ndz0T8/kf7dGbfUcofgK8bGk=,6ZYojFXYeMFrJl8fPFG1RuTpOnw=
5,-20,tD/ndz0T8/kf7dGbfUcofgK8bGk=,6ZYojFXYeMFrJl8fPFG1RuTpOnw=
13,-18,tD/ndz0T8/kf7dGbfUcofgK8bGk=,fD/mDuWu64/H8DuP2AN7ghFrw7M=
2,-23,tD/ndz0T8/kf7dGbfUcofgK8bGk=,6ZYojFXYeMFrJl8fPFG1RuTpOnw=
14,-19,tD/ndz0T8/kf7dGbfUcofgK8bGk=,fD/mDuWu64/H8DuP2AN7ghFrw7M=
13,-20,tD/ndz0T8/kf7dGbfUcofgK8bGk=,fD/mDuWu64/H8DuP2AN7ghFrw7M=
6,-20,tD/ndz0T8/kf7dGbfUcofgK8bGk=,6ZYojFXYeMFrJl8fPFG1RuTpOnw=
1,-23,tD/ndz0T8/kf7dGbfUcofgK8bGk=,6ZYojFXYeMFrJl8fPFG1RuTpOnw=
14,-18,tD/ndz0T8/kf7dGbfUcofgK8bGk=,fD/mDuWu64/H8DuP2AN7ghFrw7M=
12,-20,tD/ndz0T8/kf7dGbfUcofgK8bGk=,fD/mDuWu64/H8DuP2AN7ghFrw7M=
5,-18,tD/ndz0T8/kf7dGbfUcofgK8bGk=,6ZYojFXYeMFrJl8fPFG1RuTpOnw=
4,-18,tD/ndz0T8/kf7dGbfUcofgK8bGk=,6ZYojFXYeMFrJl8fPFG1RuTpOnw=
1,-19,tD/ndz0T8/kf7dGbfUcofgK8bGk=,6ZYojFXYeMFrJl8fPFG1RuTpOnw=
3,-18,tD/ndz0T8/kf7dGbfUcofgK8bGk=,6ZYojFXYeMFrJl8fPFG1RuTpOnw=
2,-18,tD/ndz0T8/kf7dGbfUcofgK8bGk=,6ZYojFXYeMFrJl8fPFG1RuTpOnw=
10,-22,tD/ndz0T8/kf7dGbfUcofgK8bGk=,fD/mDuWu64/H8DuP2AN7ghFrw7M=
11,-20,tD/ndz0T8/kf7dGbfUcofgK8bGk=,fD/mDuWu64/H8DuP2AN7ghFrw7M=
7,-22,tD/ndz0T8/kf7dGbfUcofgK8bGk=,6ZYojFXYeMFrJl8fPFG1RuTpOnw=
2,-19,tD/ndz0T8/kf7dGbfUcofgK8bGk=,6ZYojFXYeMFrJl8fPFG1RuTpOnw=
1,-18,tD/ndz0T8/kf7dGbfUcofgK8bGk=,6ZYojFXYeMFrJl8fPFG1RuTpOnw=
9,-20,tD/ndz0T8/kf7dGbfUcofgK8bGk=,fD/mDuWu64/H8DuP2AN7ghFrw7M=
6,-19,tD/ndz0T8/kf7dGbfUcofgK8bGk=,6ZYojFXYeMFrJl8fPFG1RuTpOnw=
5,-19,tD/ndz0T8/kf7dGbfUcofgK8bGk=,6ZYojFXYeMFrJl8fPFG1RuTpOnw=
3,-19,tD/ndz0T8/kf7dGbfUcofgK8bGk=,6ZYojFXYeMFrJl8fPFG1RuTpOnw=
9,-22,tD/ndz0T8/kf7dGbfUcofgK8bGk=,fD/mDuWu64/H8DuP2AN7ghFrw7M=
4,-19,tD/ndz0T8/kf7dGbfUcofgK8bGk=,6ZYojFXYeMFrJl8fPFG1RuTpOnw=
11,-18,tD/ndz0T8/kf7dGbfUcofgK8bGk=,fD/mDuWu64/H8DuP2AN7ghFrw7M=
12,-18,tD/ndz0T8/kf7dGbfUcofgK8bGk=,fD/mDuWu64/H8DuP2AN7ghFrw7M=
14,-21,tD/ndz0T8/kf7dGbfUcofgK8bGk=,fD/mDuWu64/H8DuP2AN7ghFrw7M=
10,-18,tD/ndz0T8/kf7dGbfUcofgK8bGk=,fD/mDuWu64/H8DuP2AN7ghFrw7M=
7,-23,tD/ndz0T8/kf7dGbfUcofgK8bGk=,6ZYojFXYeMFrJl8fPFG1RuTpOnw=
9,-21,tD/ndz0T8/kf7dGbfUcofgK8bGk=,fD/mDuWu64/H8DuP2AN7ghFrw7M=
8,-21,tD/ndz0T8/kf7dGbfUcofgK8bGk=,fD/mDuWu64/H8DuP2AN7ghFrw7M=
13,-21,tD/ndz0T8/kf7dGbfUcofgK8bGk=,fD/mDuWu64/H8DuP2AN7ghFrw7M=
9,-18,tD/ndz0T8/kf7dGbfUcofgK8bGk=,fD/mDuWu64/H8DuP2AN7ghFrw7M=
12,-21,tD/ndz0T8/kf7dGbfUcofgK8bGk=,fD/mDuWu64/H8DuP2AN7ghFrw7M=
14,-22,tD/ndz0T8/kf7dGbfUcofgK8bGk=,fD/mDuWu64/H8DuP2AN7ghFrw7M=
10,-23,tD/ndz0T8/kf7dGbfUcofgK8bGk=,fD/mDuWu64/H8DuP2AN7ghFrw7M=
7,-18,tD/ndz0T8/kf7dGbfUcofgK8bGk=,6ZYojFXYeMFrJl8fPFG1RuTpOnw=
13,-22,tD/ndz0T8/kf7dGbfUcofgK8bGk=,fD/mDuWu64/H8DuP2AN7ghFrw7M=
9,-23,tD/ndz0T8/kf7dGbfUcofgK8bGk=,fD/mDuWu64/H8DuP2AN7ghFrw7M=
11,-21,tD/ndz0T8/kf7dGbfUcofgK8bGk=,fD/mDuWu64/H8DuP2AN7ghFrw7M=
12,-22,tD/ndz0T8/kf7dGbfUcofgK8bGk=,fD/mDuWu64/H8DuP2AN7ghFrw7M=
8,-23,tD/ndz0T8/kf7dGbfUcofgK8bGk=,fD/mDuWu64/H8DuP2AN7ghFrw7M=
13,-19,tD/ndz0T8/kf7dGbfUcofgK8bGk=,fD/mDuWu64/H8DuP2AN7ghFrw7M=
12,-19,tD/ndz0T8/kf7dGbfUcofgK8bGk=,fD/mDuWu64/H8DuP2AN7ghFrw7M=
11,-22,tD/ndz0T8/kf7dGbfUcofgK8bGk=,fD/mDuWu64/H8DuP2AN7ghFrw7M=
10,-19,tD/ndz0T8/kf7dGbfUcofgK8bGk=,fD/mDuWu64/H8DuP2AN7ghFrw7M=
11,-19,tD/ndz0T8/kf7dGbfUcofgK8bGk=,fD/mDuWu64/H8DuP2AN7ghFrw7M=
7,-19,tD/ndz0T8/kf7dGbfUcofgK8bGk=,6ZYojFXYeMFrJl8fPFG1RuTpOnw=
9,-19,tD/ndz0T8/kf7dGbfUcofgK8bGk=,fD/mDuWu64/H8DuP2AN7ghFrw7M=
8,-19,tD/ndz0T8/kf7dGbfUcofgK8bGk=,fD/mDuWu64/H8DuP2AN7ghFrw7M=
8,-18,tD/ndz0T8/kf7dGbfUcofgK8bGk=,fD/mDuWu64/H8DuP2AN7ghFrw7M=
8,-22,tD/ndz0T8/kf7dGbfUcofgK8bGk=,fD/mDuWu64/H8DuP2AN7ghFrw7M=
8,-20,tD/ndz0T8/kf7dGbfUcofgK8bGk=,fD/mDuWu64/H8DuP2AN7ghFrw7M=
12,-23,tD/ndz0T8/kf7dGbfUcofgK8bGk=,fD/mDuWu64/H8DuP2AN7ghFrw7M=
14,-23,tD/ndz0T8/kf7dGbfUcofgK8bGk=,fD/mDuWu64/H8DuP2AN7ghFrw7M=
13,-23,tD/ndz0T8/kf7dGbfUcofgK8bGk=,fD/mDuWu64/H8DuP2AN7ghFrw7M=
11,-23,tD/ndz0T8/kf7dGbfUcofgK8bGk=,fD/mDuWu64/H8DuP2AN7ghFrw7M=
7,-20,tD/ndz0T8/kf7dGbfUcofgK8bGk=,6ZYojFXYeMFrJl8fPFG1RuTpOnw=
10,-20,tD/ndz0T8/kf7dGbfUcofgK8bGk=,fD/mDuWu64/H8DuP2AN7ghFrw7M=
10,-21,tD/ndz0T8/kf7dGbfUcofgK8bGk=,fD/mDuWu64/H8DuP2AN7ghFrw7M=
12,-25,tD/ndz0T8/kf7dGbfUcofgK8bGk=,8EGTdv9AqDeLydZAcmC1jGuoDs4=
11,-25,tD/ndz0T8/kf7dGbfUcofgK8bGk=,8EGTdv9AqDeLydZAcmC1jGuoDs4=
3,-27,tD/ndz0T8/kf7dGbfUcofgK8bGk=,6ZYojFXYeMFrJl8fPFG1RuTpOnw=
10,-25,tD/ndz0T8/kf7dGbfUcofgK8bGk=,8EGTdv9AqDeLydZAcmC1jGuoDs4=
9,-25,tD/ndz0T8/kf7dGbfUcofgK8bGk=,8EGTdv9AqDeLydZAcmC1jGuoDs4=
14,-26,tD/ndz0T8/kf7dGbfUcofgK8bGk=,8EGTdv9AqDeLydZAcmC1jGuoDs4=
13,-25,tD/ndz0T8/kf7dGbfUcofgK8bGk=,8EGTdv9AqDeLydZAcmC1jGuoDs4=
12,-26,tD/ndz0T8/kf7dGbfUcofgK8bGk=,8EGTdv9AqDeLydZAcmC1jGuoDs4=
11,-26,tD/ndz0T8/kf7dGbfUcofgK8bGk=,8EGTdv9AqDeLydZAcmC1jGuoDs4=
10,-26,tD/ndz0T8/kf7dGbfUcofgK8bGk=,8EGTdv9AqDeLydZAcmC1jGuoDs4=
9,-26,tD/ndz0T8/kf7dGbfUcofgK8bGk=,8EGTdv9AqDeLydZAcmC1jGuoDs4=
14,-27,tD/ndz0T8/kf7dGbfUcofgK8bGk=,8EGTdv9AqDeLydZAcmC1jGuoDs4=
12,-27,tD/ndz0T8/kf7dGbfUcofgK8bGk=,8EGTdv9AqDeLydZAcmC1jGuoDs4=
13,-27,tD/ndz0T8/kf7dGbfUcofgK8bGk=,8EGTdv9AqDeLydZAcmC1jGuoDs4=
11,-27,tD/ndz0T8/kf7dGbfUcofgK8bGk=,8EGTdv9AqDeLydZAcmC1jGuoDs4=
14,-25,tD/ndz0T8/kf7dGbfUcofgK8bGk=,8EGTdv9AqDeLydZAcmC1jGuoDs4=
9,-27,tD/ndz0T8/kf7dGbfUcofgK8bGk=,8EGTdv9AqDeLydZAcmC1jGuoDs4=
10,-27,tD/ndz0T8/kf7dGbfUcofgK8bGk=,8EGTdv9AqDeLydZAcmC1jGuoDs4=
14,-28,tD/ndz0T8/kf7dGbfUcofgK8bGk=,8EGTdv9AqDeLydZAcmC1jGuoDs4=
12,-28,tD/ndz0T8/kf7dGbfUcofgK8bGk=,8EGTdv9AqDeLydZAcmC1jGuoDs4=
11,-28,tD/ndz0T8/kf7dGbfUcofgK8bGk=,8EGTdv9AqDeLydZAcmC1jGuoDs4=
13,-28,tD/ndz0T8/kf7dGbfUcofgK8bGk=,8EGTdv9AqDeLydZAcmC1jGuoDs4=
9,-31,tD/ndz0T8/kf7dGbfUcofgK8bGk=,8EGTdv9AqDeLydZAcmC1jGuoDs4=
9,-28,tD/ndz0T8/kf7dGbfUcofgK8bGk=,8EGTdv9AqDeLydZAcmC1jGuoDs4=
10,-28,tD/ndz0T8/kf7dGbfUcofgK8bGk=,8EGTdv9AqDeLydZAcmC1jGuoDs4=
12,-29,tD/ndz0T8/kf7dGbfUcofgK8bGk=,8EGTdv9AqDeLydZAcmC1jGuoDs4=
13,-29,tD/ndz0T8/kf7dGbfUcofgK8bGk=,8EGTdv9AqDeLydZAcmC1jGuoDs4=
14,-29,tD/ndz0T8/kf7dGbfUcofgK8bGk=,8EGTdv9AqDeLydZAcmC1jGuoDs4=
11,-29,tD/ndz0T8/kf7dGbfUcofgK8bGk=,8EGTdv9AqDeLydZAcmC1jGuoDs4=
10,-31,tD/ndz0T8/kf7dGbfUcofgK8bGk=,8EGTdv9AqDeLydZAcmC1jGuoDs4=
10,-29,tD/ndz0T8/kf7dGbfUcofgK8bGk=,8EGTdv9AqDeLydZAcmC1jGuoDs4=
9,-29,tD/ndz0T8/kf7dGbfUcofgK8bGk=,8EGTdv9AqDeLydZAcmC1jGuoDs4=
13,-30,tD/ndz0T8/kf7dGbfUcofgK8bGk=,8EGTdv9AqDeLydZAcmC1jGuoDs4=
12,-30,tD/ndz0T8/kf7dGbfUcofgK8bGk=,8EGTdv9AqDeLydZAcmC1jGuoDs4=
10,-24,tD/ndz0T8/kf7dGbfUcofgK8bGk=,fD/mDuWu64/H8DuP2AN7ghFrw7M=
14,-30,tD/ndz0T8/kf7dGbfUcofgK8bGk=,8EGTdv9AqDeLydZAcmC1jGuoDs4=
11,-31,tD/ndz0T8/kf7dGbfUcofgK8bGk=,8EGTdv9AqDeLydZAcmC1jGuoDs4=
11,-30,tD/ndz0T8/kf7dGbfUcofgK8bGk=,8EGTdv9AqDeLydZAcmC1jGuoDs4=
10,-30,tD/ndz0T8/kf7dGbfUcofgK8bGk=,8EGTdv9AqDeLydZAcmC1jGuoDs4=
12,-24,tD/ndz0T8/kf7dGbfUcofgK8bGk=,fD/mDuWu64/H8DuP2AN7ghFrw7M=
13,-24,tD/ndz0T8/kf7dGbfUcofgK8bGk=,fD/mDuWu64/H8DuP2AN7ghFrw7M=
14,-24,tD/ndz0T8/kf7dGbfUcofgK8bGk=,fD/mDuWu64/H8DuP2AN7ghFrw7M=
11,-24,tD/ndz0T8/kf7dGbfUcofgK8bGk=,fD/mDuWu64/H8DuP2AN7ghFrw7M=
9,-30,tD/ndz0T8/kf7dGbfUcofgK8bGk=,8EGTdv9AqDeLydZAcmC1jGuoDs4=
12,-31,tD/ndz0T8/kf7dGbfUcofgK8bGk=,8EGTdv9AqDeLydZAcmC1jGuoDs4=
9,-24,tD/ndz0T8/kf7dGbfUcofgK8bGk=,fD/mDuWu64/H8DuP2AN7ghFrw7M=
13,-31,tD/ndz0T8/kf7dGbfUcofgK8bGk=,8EGTdv9AqDeLydZAcmC1jGuoDs4=
13,-26,tD/ndz0T8/kf7dGbfUcofgK8bGk=,8EGTdv9AqDeLydZAcmC1jGuoDs4=
2,-27,tD/ndz0T8/kf7dGbfUcofgK8bGk=,6ZYojFXYeMFrJl8fPFG1RuTpOnw=
1,-27,tD/ndz0T8/kf7dGbfUcofgK8bGk=,6ZYojFXYeMFrJl8fPFG1RuTpOnw=
4,-27,tD/ndz0T8/kf7dGbfUcofgK8bGk=,6ZYojFXYeMFrJl8fPFG1RuTpOnw=
8,-25,tD/ndz0T8/kf7dGbfUcofgK8bGk=,8EGTdv9AqDeLydZAcmC1jGuoDs4=
8,-26,tD/ndz0T8/kf7dGbfUcofgK8bGk=,8EGTdv9AqDeLydZAcmC1jGuoDs4=
7,-24,tD/ndz0T8/kf7dGbfUcofgK8bGk=,6ZYojFXYeMFrJl8fPFG1RuTpOnw=
6,-24,tD/ndz0T8/kf7dGbfUcofgK8bGk=,6ZYojFXYeMFrJl8fPFG1RuTpOnw=
5,-24,tD/ndz0T8/kf7dGbfUcofgK8bGk=,6ZYojFXYeMFrJl8fPFG1RuTpOnw=
4,-24,tD/ndz0T8/kf7dGbfUcofgK8bGk=,6ZYojFXYeMFrJl8fPFG1RuTpOnw=
8,-27,tD/ndz0T8/kf7dGbfUcofgK8bGk=,8EGTdv9AqDeLydZAcmC1jGuoDs4=
7,-28,tD/ndz0T8/kf7dGbfUcofgK8bGk=,6ZYojFXYeMFrJl8fPFG1RuTpOnw=
6,-28,tD/ndz0T8/kf7dGbfUcofgK8bGk=,6ZYojFXYeMFrJl8fPFG1RuTpOnw=
3,-28,tD/ndz0T8/kf7dGbfUcofgK8bGk=,6ZYojFXYeMFrJl8fPFG1RuTpOnw=
5,-28,tD/ndz0T8/kf7dGbfUcofgK8bGk=,6ZYojFXYeMFrJl8fPFG1RuTpOnw=
4,-28,tD/ndz0T8/kf7dGbfUcofgK8bGk=,6ZYojFXYeMFrJl8fPFG1RuTpOnw=
5,-27,tD/ndz0T8/kf7dGbfUcofgK8bGk=,6ZYojFXYeMFrJl8fPFG1RuTpOnw=
2,-28,tD/ndz0T8/kf7dGbfUcofgK8bGk=,6ZYojFXYeMFrJl8fPFG1RuTpOnw=
1,-28,tD/ndz0T8/kf7dGbfUcofgK8bGk=,6ZYojFXYeMFrJl8fPFG1RuTpOnw=
8,-28,tD/ndz0T8/kf7dGbfUcofgK8bGk=,8EGTdv9AqDeLydZAcmC1jGuoDs4=
3,-24,tD/ndz0T8/kf7dGbfUcofgK8bGk=,6ZYojFXYeMFrJl8fPFG1RuTpOnw=
6,-29,tD/ndz0T8/kf7dGbfUcofgK8bGk=,6ZYojFXYeMFrJl8fPFG1RuTpOnw=
4,-29,tD/ndz0T8/kf7dGbfUcofgK8bGk=,6ZYojFXYeMFrJl8fPFG1RuTpOnw=
3,-29,tD/ndz0T8/kf7dGbfUcofgK8bGk=,6ZYojFXYeMFrJl8fPFG1RuTpOnw=
5,-29,tD/ndz0T8/kf7dGbfUcofgK8bGk=,6ZYojFXYeMFrJl8fPFG1RuTpOnw=
7,-29,tD/ndz0T8/kf7dGbfUcofgK8bGk=,6ZYojFXYeMFrJl8fPFG1RuTpOnw=
6,-27,tD/ndz0T8/kf7dGbfUcofgK8bGk=,6ZYojFXYeMFrJl8fPFG1RuTpOnw=
1,-29,tD/ndz0T8/kf7dGbfUcofgK8bGk=,6ZYojFXYeMFrJl8fPFG1RuTpOnw=
2,-29,tD/ndz0T8/kf7dGbfUcofgK8bGk=,6ZYojFXYeMFrJl8fPFG1RuTpOnw=
2,-24,tD/ndz0T8/kf7dGbfUcofgK8bGk=,6ZYojFXYeMFrJl8fPFG1RuTpOnw=
7,-27,tD/ndz0T8/kf7dGbfUcofgK8bGk=,6ZYojFXYeMFrJl8fPFG1RuTpOnw=
1,-24,tD/ndz0T8/kf7dGbfUcofgK8bGk=,6ZYojFXYeMFrJl8fPFG1RuTpOnw=
8,-29,tD/ndz0T8/kf7dGbfUcofgK8bGk=,8EGTdv9AqDeLydZAcmC1jGuoDs4=
6,-30,tD/ndz0T8/kf7dGbfUcofgK8bGk=,6ZYojFXYeMFrJl8fPFG1RuTpOnw=
1,-26,tD/ndz0T8/kf7dGbfUcofgK8bGk=,6ZYojFXYeMFrJl8fPFG1RuTpOnw=
3,-30,tD/ndz0T8/kf7dGbfUcofgK8bGk=,6ZYojFXYeMFrJl8fPFG1RuTpOnw=
4,-30,tD/ndz0T8/kf7dGbfUcofgK8bGk=,6ZYojFXYeMFrJl8fPFG1RuTpOnw=
2,-30,tD/ndz0T8/kf7dGbfUcofgK8bGk=,6ZYojFXYeMFrJl8fPFG1RuTpOnw=
7,-30,tD/ndz0T8/kf7dGbfUcofgK8bGk=,6ZYojFXYeMFrJl8fPFG1RuTpOnw=
1,-30,tD/ndz0T8/kf7dGbfUcofgK8bGk=,6ZYojFXYeMFrJl8fPFG1RuTpOnw=
2,-26,tD/ndz0T8/kf7dGbfUcofgK8bGk=,6ZYojFXYeMFrJl8fPFG1RuTpOnw=
7,-25,tD/ndz0T8/kf7dGbfUcofgK8bGk=,6ZYojFXYeMFrJl8fPFG1RuTpOnw=
7,-31,tD/ndz0T8/kf7dGbfUcofgK8bGk=,6ZYojFXYeMFrJl8fPFG1RuTpOnw=
5,-31,tD/ndz0T8/kf7dGbfUcofgK8bGk=,6ZYojFXYeMFrJl8fPFG1RuTpOnw=
4,-31,tD/ndz0T8/kf7dGbfUcofgK8bGk=,6ZYojFXYeMFrJl8fPFG1RuTpOnw=
6,-31,tD/ndz0T8/kf7dGbfUcofgK8bGk=,6ZYojFXYeMFrJl8fPFG1RuTpOnw=
5,-30,tD/ndz0T8/kf7dGbfUcofgK8bGk=,6ZYojFXYeMFrJl8fPFG1RuTpOnw=
6,-25,tD/ndz0T8/kf7dGbfUcofgK8bGk=,6ZYojFXYeMFrJl8fPFG1RuTpOnw=
3,-26,tD/ndz0T8/kf7dGbfUcofgK8bGk=,6ZYojFXYeMFrJl8fPFG1RuTpOnw=
3,-31,tD/ndz0T8/kf7dGbfUcofgK8bGk=,6ZYojFXYeMFrJl8fPFG1RuTpOnw=
5,-25,tD/ndz0T8/kf7dGbfUcofgK8bGk=,6ZYojFXYeMFrJl8fPFG1RuTpOnw=
2,-31,tD/ndz0T8/kf7dGbfUcofgK8bGk=,6ZYojFXYeMFrJl8fPFG1RuTpOnw=
1,-31,tD/ndz0T8/kf7dGbfUcofgK8bGk=,6ZYojFXYeMFrJl8fPFG1RuTpOnw=
4,-25,tD/ndz0T8/kf7dGbfUcofgK8bGk=,6ZYojFXYeMFrJl8fPFG1RuTpOnw=
8,-24,tD/ndz0T8/kf7dGbfUcofgK8bGk=,fD/mDuWu64/H8DuP2AN7ghFrw7M=
8,-30,tD/ndz0T8/kf7dGbfUcofgK8bGk=,8EGTdv9AqDeLydZAcmC1jGuoDs4=
3,-25,tD/ndz0T8/kf7dGbfUcofgK8bGk=,6ZYojFXYeMFrJl8fPFG1RuTpOnw=
2,-25,tD/ndz0T8/kf7dGbfUcofgK8bGk=,6ZYojFXYeMFrJl8fPFG1RuTpOnw=
7,-26,tD/ndz0T8/kf7dGbfUcofgK8bGk=,6ZYojFXYeMFrJl8fPFG1RuTpOnw=
1,-25,tD/ndz0T8/kf7dGbfUcofgK8bGk=,6ZYojFXYeMFrJl8fPFG1RuTpOnw=
4,-26,tD/ndz0T8/kf7dGbfUcofgK8bGk=,6ZYojFXYeMFrJl8fPFG1RuTpOnw=
8,-31,tD/ndz0T8/kf7dGbfUcofgK8bGk=,8EGTdv9AqDeLydZAcmC1jGuoDs4=
6,-26,tD/ndz0T8/kf7dGbfUcofgK8bGk=,6ZYojFXYeMFrJl8fPFG1RuTpOnw=
5,-26,tD/ndz0T8/kf7dGbfUcofgK8bGk=,6ZYojFXYeMFrJl8fPFG1RuTpOnw=
14,-31,tD/ndz0T8/kf7dGbfUcofgK8bGk=,8EGTdv9AqDeLydZAcmC1jGuoDs4=
6,-18,tD/ndz0T8/kf7dGbfUcofgK8bGk=,6ZYojFXYeMFrJl8fPFG1RuTpOnw=
12,-17,tD/ndz0T8/kf7dGbfUcofgK8bGk=,fD/mDuWu64/H8DuP2AN7ghFrw7M=
8,-17,tD/ndz0T8/kf7dGbfUcofgK8bGk=,fD/mDuWu64/H8DuP2AN7ghFrw7M=
13,-17,tD/ndz0T8/kf7dGbfUcofgK8bGk=,fD/mDuWu64/H8DuP2AN7ghFrw7M=
11,-17,tD/ndz0T8/kf7dGbfUcofgK8bGk=,fD/mDuWu64/H8DuP2AN7ghFrw7M=
14,-17,tD/ndz0T8/kf7dGbfUcofgK8bGk=,fD/mDuWu64/H8DuP2AN7ghFrw7M=
7,-17,tD/ndz0T8/kf7dGbfUcofgK8bGk=,6ZYojFXYeMFrJl8fPFG1RuTpOnw=
15,-31,tD/ndz0T8/kf7dGbfUcofgK8bGk=,8EGTdv9AqDeLydZAcmC1jGuoDs4=
9,-17,tD/ndz0T8/kf7dGbfUcofgK8bGk=,fD/mDuWu64/H8DuP2AN7ghFrw7M=
6,-17,tD/ndz0T8/kf7dGbfUcofgK8bGk=,6ZYojFXYeMFrJl8fPFG1RuTpOnw=
15,-19,tD/ndz0T8/kf7dGbfUcofgK8bGk=,fD/mDuWu64/H8DuP2AN7ghFrw7M=
15,-30,tD/ndz0T8/kf7dGbfUcofgK8bGk=,8EGTdv9AqDeLydZAcmC1jGuoDs4=
10,-17,tD/ndz0T8/kf7dGbfUcofgK8bGk=,fD/mDuWu64/H8DuP2AN7ghFrw7M=
5,-17,tD/ndz0T8/kf7dGbfUcofgK8bGk=,6ZYojFXYeMFrJl8fPFG1RuTpOnw=
15,-20,tD/ndz0T8/kf7dGbfUcofgK8bGk=,fD/mDuWu64/H8DuP2AN7ghFrw7M=
15,-29,tD/ndz0T8/kf7dGbfUcofgK8bGk=,8EGTdv9AqDeLydZAcmC1jGuoDs4=
4,-17,tD/ndz0T8/kf7dGbfUcofgK8bGk=,6ZYojFXYeMFrJl8fPFG1RuTpOnw=
2,-17,tD/ndz0T8/kf7dGbfUcofgK8bGk=,6ZYojFXYeMFrJl8fPFG1RuTpOnw=
3,-17,tD/ndz0T8/kf7dGbfUcofgK8bGk=,6ZYojFXYeMFrJl8fPFG1RuTpOnw=
15,-28,tD/ndz0T8/kf7dGbfUcofgK8bGk=,8EGTdv9AqDeLydZAcmC1jGuoDs4=
1,-17,tD/ndz0T8/kf7dGbfUcofgK8bGk=,6ZYojFXYeMFrJl8fPFG1RuTpOnw=
15,-21,tD/ndz0T8/kf7dGbfUcofgK8bGk=,fD/mDuWu64/H8DuP2AN7ghFrw7M=
15,-27,tD/ndz0T8/kf7dGbfUcofgK8bGk=,8EGTdv9AqDeLydZAcmC1jGuoDs4=
15,-24,tD/ndz0T8/kf7dGbfUcofgK8bGk=,fD/mDuWu64/H8DuP2AN7ghFrw7M=
15,-25,tD/ndz0T8/kf7dGbfUcofgK8bGk=,8EGTdv9AqDeLydZAcmC1jGuoDs4=
15,-23,tD/ndz0T8/kf7dGbfUcofgK8bGk=,fD/mDuWu64/H8DuP2AN7ghFrw7M=
15,-26,tD/ndz0T8/kf7dGbfUcofgK8bGk=,8EGTdv9AqDeLydZAcmC1jGuoDs4=
15,-22,tD/ndz0T8/kf7dGbfUcofgK8bGk=,fD/mDuWu64/H8DuP2AN7ghFrw7M=
15,-18,tD/ndz0T8/kf7dGbfUcofgK8bGk=,fD/mDuWu64/H8DuP2AN7ghFrw7M=
0,-20,tD/ndz0T8/kf7dGbfUcofgK8bGk=,6ZYojFXYeMFrJl8fPFG1RuTpOnw=
0,-26,tD/ndz0T8/kf7dGbfUcofgK8bGk=,6ZYojFXYeMFrJl8fPFG1RuTpOnw=
0,-27,tD/ndz0T8/kf7dGbfUcofgK8bGk=,6ZYojFXYeMFrJl8fPFG1RuTpOnw=
0,-21,tD/ndz0T8/kf7dGbfUcofgK8bGk=,6ZYojFXYeMFrJl8fPFG1RuTpOnw=
6,-32,tD/ndz0T8/kf7dGbfUcofgK8bGk=,6ZYojFXYeMFrJl8fPFG1RuTpOnw=
0,-25,tD/ndz0T8/kf7dGbfUcofgK8bGk=,6ZYojFXYeMFrJl8fPFG1RuTpOnw=
0,-29,tD/ndz0T8/kf7dGbfUcofgK8bGk=,6ZYojFXYeMFrJl8fPFG1RuTpOnw=
5,-32,tD/ndz0T8/kf7dGbfUcofgK8bGk=,6ZYojFXYeMFrJl8fPFG1RuTpOnw=
0,-22,tD/ndz0T8/kf7dGbfUcofgK8bGk=,6ZYojFXYeMFrJl8fPFG1RuTpOnw=
0,-31,tD/ndz0T8/kf7dGbfUcofgK8bGk=,6ZYojFXYeMFrJl8fPFG1RuTpOnw=
8,-32,tD/ndz0T8/kf7dGbfUcofgK8bGk=,8EGTdv9AqDeLydZAcmC1jGuoDs4=
0,-23,tD/ndz0T8/kf7dGbfUcofgK8bGk=,6ZYojFXYeMFrJl8fPFG1RuTpOnw=
0,-28,tD/ndz0T8/kf7dGbfUcofgK8bGk=,6ZYojFXYeMFrJl8fPFG1RuTpOnw=
0,-30,tD/ndz0T8/kf7dGbfUcofgK8bGk=,6ZYojFXYeMFrJl8fPFG1RuTpOnw=
0,-24,tD/ndz0T8/kf7dGbfUcofgK8bGk=,6ZYojFXYeMFrJl8fPFG1RuTpOnw=
9,-32,tD/ndz0T8/kf7dGbfUcofgK8bGk=,8EGTdv9AqDeLydZAcmC1jGuoDs4=
0,-17,tD/ndz0T8/kf7dGbfUcofgK8bGk=,6ZYojFXYeMFrJl8fPFG1RuTpOnw=
14,-32,tD/ndz0T8/kf7dGbfUcofgK8bGk=,8EGTdv9AqDeLydZAcmC1jGuoDs4=
12,-32,tD/ndz0T8/kf7dGbfUcofgK8bGk=,8EGTdv9AqDeLydZAcmC1jGuoDs4=
13,-32,tD/ndz0T8/kf7dGbfUcofgK8bGk=,8EGTdv9AqDeLydZAcmC1jGuoDs4=
10,-32,tD/ndz0T8/kf7dGbfUcofgK8bGk=,8EGTdv9AqDeLydZAcmC1jGuoDs4=
0,-18,tD/ndz0T8/kf7dGbfUcofgK8bGk=,6ZYojFXYeMFrJl8fPFG1RuTpOnw=
7,-32,tD/ndz0T8/kf7dGbfUcofgK8bGk=,6ZYojFXYeMFrJl8fPFG1RuTpOnw=
11,-32,tD/ndz0T8/kf7dGbfUcofgK8bGk=,8EGTdv9AqDeLydZAcmC1jGuoDs4=
1,-32,tD/ndz0T8/kf7dGbfUcofgK8bGk=,6ZYojFXYeMFrJl8fPFG1RuTpOnw=
4,-32,tD/ndz0T8/kf7dGbfUcofgK8bGk=,6ZYojFXYeMFrJl8fPFG1RuTpOnw=
0,-19,tD/ndz0T8/kf7dGbfUcofgK8bGk=,6ZYojFXYeMFrJl8fPFG1RuTpOnw=
3,-32,tD/ndz0T8/kf7dGbfUcofgK8bGk=,6ZYojFXYeMFrJl8fPFG1RuTpOnw=
2,-32,tD/ndz0T8/kf7dGbfUcofgK8bGk=,6ZYojFXYeMFrJl8fPFG1RuTpOnw=
0,-32,tD/ndz0T8/kf7dGbfUcofgK8bGk=,6ZYojFXYeMFrJl8fPFG1RuTpOnw=
15,-17,tD/ndz0T8/kf7dGbfUcofgK8bGk=,fD/mDuWu64/H8DuP2AN7ghFrw7M=
15,-32,tD/ndz0T8/kf7dGbfUcofgK8bGk=,8EGTdv9AqDeLydZAcmC1jGuoDs4=
14,-2,tD/ndz0T8/kf7dGbfUcofgK8bGk=,fD/mDuWu64/H8DuP2AN7ghFrw7M=
10,-5,tD/ndz0T8/kf7dGbfUcofgK8bGk=,fD/mDuWu64/H8DuP2AN7ghFrw7M=
10,-6,tD/ndz0T8/kf7dGbfUcofgK8bGk=,fD/mDuWu64/H8DuP2AN7ghFrw7M=
13,-2,c66pQ4CrfOsurQw4zoWlEpucbKk=,fD/mDuWu64/H8DuP2AN7ghFrw7M=
9,-7,c66pQ4CrfOsurQw4zoWlEpucbKk=,fD/mDuWu64/H8DuP2AN7ghFrw7M=
12,-2,c66pQ4CrfOsurQw4zoWlEpucbKk=,fD/mDuWu64/H8DuP2AN7ghFrw7M=
13,-3,c66pQ4CrfOsurQw4zoWlEpucbKk=,fD/mDuWu64/H8DuP2AN7ghFrw7M=
12,-3,c66pQ4CrfOsurQw4zoWlEpucbKk=,fD/mDuWu64/H8DuP2AN7ghFrw7M=
11,-2,c66pQ4CrfOsurQw4zoWlEpucbKk=,fD/mDuWu64/H8DuP2AN7ghFrw7M=
10,-2,c66pQ4CrfOsurQw4zoWlEpucbKk=,fD/mDuWu64/H8DuP2AN7ghFrw7M=
13,-4,c66pQ4CrfOsurQw4zoWlEpucbKk=,fD/mDuWu64/H8DuP2AN7ghFrw7M=
13,-5,c66pQ4CrfOsurQw4zoWlEpucbKk=,fD/mDuWu64/H8DuP2AN7ghFrw7M=
14,-4,c66pQ4CrfOsurQw4zoWlEpucbKk=,fD/mDuWu64/H8DuP2AN7ghFrw7M=
14,-5,c66pQ4CrfOsurQw4zoWlEpucbKk=,fD/mDuWu64/H8DuP2AN7ghFrw7M=
9,-5,c66pQ4CrfOsurQw4zoWlEpucbKk=,fD/mDuWu64/H8DuP2AN7ghFrw7M=
9,-2,c66pQ4CrfOsurQw4zoWlEpucbKk=,fD/mDuWu64/H8DuP2AN7ghFrw7M=
9,-6,c66pQ4CrfOsurQw4zoWlEpucbKk=,fD/mDuWu64/H8DuP2AN7ghFrw7M=
12,-4,c66pQ4CrfOsurQw4zoWlEpucbKk=,fD/mDuWu64/H8DuP2AN7ghFrw7M=
14,-6,c66pQ4CrfOsurQw4zoWlEpucbKk=,fD/mDuWu64/H8DuP2AN7ghFrw7M=
11,-3,c66pQ4CrfOsurQw4zoWlEpucbKk=,fD/mDuWu64/H8DuP2AN7ghFrw7M=
13,-6,c66pQ4CrfOsurQw4zoWlEpucbKk=,fD/mDuWu64/H8DuP2AN7ghFrw7M=
11,-4,c66pQ4CrfOsurQw4zoWlEpucbKk=,fD/mDuWu64/H8DuP2AN7ghFrw7M=
12,-6,c66pQ4CrfOsurQw4zoWlEpucbKk=,fD/mDuWu64/H8DuP2AN7ghFrw7M=
10,-4,c66pQ4CrfOsurQw4zoWlEpucbKk=,fD/mDuWu64/H8DuP2AN7ghFrw7M=
12,-5,c66pQ4CrfOsurQw4zoWlEpucbKk=,fD/mDuWu64/H8DuP2AN7ghFrw7M=
10,-7,c66pQ4CrfOsurQw4zoWlEpucbKk=,fD/mDuWu64/H8DuP2AN7ghFrw7M=
14,-7,c66pQ4CrfOsurQw4zoWlEpucbKk=,fD/mDuWu64/H8DuP2AN7ghFrw7M=
9,-4,c66pQ4CrfOsurQw4zoWlEpucbKk=,fD/mDuWu64/H8DuP2AN7ghFrw7M=
13,-7,c66pQ4CrfOsurQw4zoWlEpucbKk=,fD/mDuWu64/H8DuP2AN7ghFrw7M=
12,-7,c66pQ4CrfOsurQw4zoWlEpucbKk=,fD/mDuWu64/H8DuP2AN7ghFrw7M=
10,-3,c66pQ4CrfOsurQw4zoWlEpucbKk=,fD/mDuWu64/H8DuP2AN7ghFrw7M=
11,-7,c66pQ4CrfOsurQw4zoWlEpucbKk=,fD/mDuWu64/H8DuP2AN7ghFrw7M=
11,-6,c66pQ4CrfOsurQw4zoWlEpucbKk=,fD/mDuWu64/H8DuP2AN7ghFrw7M=
14,-3,c66pQ4CrfOsurQw4zoWlEpucbKk=,fD/mDuWu64/H8DuP2AN7ghFrw7M=
9,-3,c66pQ4CrfOsurQw4zoWlEpucbKk=,fD/mDuWu64/H8DuP2AN7ghFrw7M=
11,-5,c66pQ4CrfOsurQw4zoWlEpucbKk=,fD/mDuWu64/H8DuP2AN7ghFrw7M=
4,-11,c66pQ4CrfOsurQw4zoWlEpucbKk=,eCFhNSpD4NtWdFM4V4ouddW90lc=
6,-11,c66pQ4CrfOsurQw4zoWlEpucbKk=,eCFhNSpD4NtWdFM4V4ouddW90lc=
1,-10,c66pQ4CrfOsurQw4zoWlEpucbKk=,eCFhNSpD4NtWdFM4V4ouddW90lc=
2,-10,c66pQ4CrfOsurQw4zoWlEpucbKk=,eCFhNSpD4NtWdFM4V4ouddW90lc=
3,-10,c66pQ4CrfOsurQw4zoWlEpucbKk=,eCFhNSpD4NtWdFM4V4ouddW90lc=
3,-11,c66pQ4CrfOsurQw4zoWlEpucbKk=,eCFhNSpD4NtWdFM4V4ouddW90lc=
2,-11,c66pQ4CrfOsurQw4zoWlEpucbKk=,eCFhNSpD4NtWdFM4V4ouddW90lc=
1,-11,c66pQ4CrfOsurQw4zoWlEpucbKk=,eCFhNSpD4NtWdFM4V4ouddW90lc=
4,-10,c66pQ4CrfOsurQw4zoWlEpucbKk=,eCFhNSpD4NtWdFM4V4ouddW90lc=
5,-10,c66pQ4CrfOsurQw4zoWlEpucbKk=,eCFhNSpD4NtWdFM4V4ouddW90lc=
6,-12,c66pQ4CrfOsurQw4zoWlEpucbKk=,eCFhNSpD4NtWdFM4V4ouddW90lc=
5,-12,c66pQ4CrfOsurQw4zoWlEpucbKk=,eCFhNSpD4NtWdFM4V4ouddW90lc=
4,-12,c66pQ4CrfOsurQw4zoWlEpucbKk=,eCFhNSpD4NtWdFM4V4ouddW90lc=
6,-10,c66pQ4CrfOsurQw4zoWlEpucbKk=,eCFhNSpD4NtWdFM4V4ouddW90lc=
3,-12,c66pQ4CrfOsurQw4zoWlEpucbKk=,eCFhNSpD4NtWdFM4V4ouddW90lc=
2,-12,c66pQ4CrfOsurQw4zoWlEpucbKk=,eCFhNSpD4NtWdFM4V4ouddW90lc=
1,-12,c66pQ4CrfOsurQw4zoWlEpucbKk=,eCFhNSpD4NtWdFM4V4ouddW90lc=
6,-13,c66pQ4CrfOsurQw4zoWlEpucbKk=,eCFhNSpD4NtWdFM4V4ouddW90lc=
5,-13,c66pQ4CrfOsurQw4zoWlEpucbKk=,eCFhNSpD4NtWdFM4V4ouddW90lc=
4,-13,c66pQ4CrfOsurQw4zoWlEpucbKk=,eCFhNSpD4NtWdFM4V4ouddW90lc=
1,-15,c66pQ4CrfOsurQw4zoWlEpucbKk=,eCFhNSpD4NtWdFM4V4ouddW90lc=
3,-13,c66pQ4CrfOsurQw4zoWlEpucbKk=,eCFhNSpD4NtWdFM4V4ouddW90lc=
2,-13,c66pQ4CrfOsurQw4zoWlEpucbKk=,eCFhNSpD4NtWdFM4V4ouddW90lc=
6,-14,c66pQ4CrfOsurQw4zoWlEpucbKk=,eCFhNSpD4NtWdFM4V4ouddW90lc=
1,-13,c66pQ4CrfOsurQw4zoWlEpucbKk=,eCFhNSpD4NtWdFM4V4ouddW90lc=
5,-14,c66pQ4CrfOsurQw4zoWlEpucbKk=,eCFhNSpD4NtWdFM4V4ouddW90lc=
4,-14,c66pQ4CrfOsurQw4zoWlEpucbKk=,eCFhNSpD4NtWdFM4V4ouddW90lc=
2,-15,c66pQ4CrfOsurQw4zoWlEpucbKk=,eCFhNSpD4NtWdFM4V4ouddW90lc=
3,-14,c66pQ4CrfOsurQw4zoWlEpucbKk=,eCFhNSpD4NtWdFM4V4ouddW90lc=
6,-15,c66pQ4CrfOsurQw4zoWlEpucbKk=,eCFhNSpD4NtWdFM4V4ouddW90lc=
2,-14,c66pQ4CrfOsurQw4zoWlEpucbKk=,eCFhNSpD4NtWdFM4V4ouddW90lc=
3,-15,c66pQ4CrfOsurQw4zoWlEpucbKk=,eCFhNSpD4NtWdFM4V4ouddW90lc=
5,-15,c66pQ4CrfOsurQw4zoWlEpucbKk=,eCFhNSpD4NtWdFM4V4ouddW90lc=
4,-15,c66pQ4CrfOsurQw4zoWlEpucbKk=,eCFhNSpD4NtWdFM4V4ouddW90lc=
1,-14,c66pQ4CrfOsurQw4zoWlEpucbKk=,eCFhNSpD4NtWdFM4V4ouddW90lc=
10,-9,c66pQ4CrfOsurQw4zoWlEpucbKk=,fD/mDuWu64/H8DuP2AN7ghFrw7M=
5,-11,c66pQ4CrfOsurQw4zoWlEpucbKk=,eCFhNSpD4NtWdFM4V4ouddW90lc=
11,-9,c66pQ4CrfOsurQw4zoWlEpucbKk=,fD/mDuWu64/H8DuP2AN7ghFrw7M=
9,-9,c66pQ4CrfOsurQw4zoWlEpucbKk=,fD/mDuWu64/H8DuP2AN7ghFrw7M=
12,-9,c66pQ4CrfOsurQw4zoWlEpucbKk=,fD/mDuWu64/H8DuP2AN7ghFrw7M=
13,-10,c66pQ4CrfOsurQw4zoWlEpucbKk=,fD/mDuWu64/H8DuP2AN7ghFrw7M=
14,-10,c66pQ4CrfOsurQw4zoWlEpucbKk=,fD/mDuWu64/H8DuP2AN7ghFrw7M=
12,-10,c66pQ4CrfOsurQw4zoWlEpucbKk=,fD/mDuWu64/H8DuP2AN7ghFrw7M=
13,-9,c66pQ4CrfOsurQw4zoWlEpucbKk=,fD/mDuWu64/H8DuP2AN7ghFrw7M=
10,-10,c66pQ4CrfOsurQw4zoWlEpucbKk=,fD/mDuWu64/H8DuP2AN7ghFrw7M=
11,-10,c66pQ4CrfOsurQw4zoWlEpucbKk=,fD/mDuWu64/H8DuP2AN7ghFrw7M=
9,-10,c66pQ4CrfOsurQw4zoWlEpucbKk=,fD/mDuWu64/H8DuP2AN7ghFrw7M=
14,-11,c66pQ4CrfOsurQw4zoWlEpucbKk=,fD/mDuWu64/H8DuP2AN7ghFrw7M=
8,-10,c66pQ4CrfOsurQw4zoWlEpucbKk=,fD/mDuWu64/H8DuP2AN7ghFrw7M=
7,-12,c66pQ4CrfOsurQw4zoWlEpucbKk=,eCFhNSpD4NtWdFM4V4ouddW90lc=
7,-11,c66pQ4CrfOsurQw4zoWlEpucbKk=,eCFhNSpD4NtWdFM4V4ouddW90lc=
12,-11,c66pQ4CrfOsurQw4zoWlEpucbKk=,fD/mDuWu64/H8DuP2AN7ghFrw7M=
13,-11,c66pQ4CrfOsurQw4zoWlEpucbKk=,fD/mDuWu64/H8DuP2AN7ghFrw7M=
11,-11,c66pQ4CrfOsurQw4zoWlEpucbKk=,fD/mDuWu64/H8DuP2AN7ghFrw7M=
14,-9,c66pQ4CrfOsurQw4zoWlEpucbKk=,fD/mDuWu64/H8DuP2AN7ghFrw7M=
10,-11,c66pQ4CrfOsurQw4zoWlEpucbKk=,fD/mDuWu64/H8DuP2AN7ghFrw7M=
9,-11,c66pQ4CrfOsurQw4zoWlEpucbKk=,fD/mDuWu64/H8DuP2AN7ghFrw7M=
8,-11,c66pQ4CrfOsurQw4zoWlEpucbKk=,fD/mDuWu64/H8DuP2AN7ghFrw7M=
14,-12,c66pQ4CrfOsurQw4zoWlEpucbKk=,fD/mDuWu64/H8DuP2AN7ghFrw7M=
12,-12,c66pQ4CrfOsurQw4zoWlEpucbKk=,fD/mDuWu64/H8DuP2AN7ghFrw7M=
13,-12,c66pQ4CrfOsurQw4zoWlEpucbKk=,fD/mDuWu64/H8DuP2AN7ghFrw7M=
11,-12,c66pQ4CrfOsurQw4zoWlEpucbKk=,fD/mDuWu64/H8DuP2AN7ghFrw7M=
11,-8,c66pQ4CrfOsurQw4zoWlEpucbKk=,fD/mDuWu64/H8DuP2AN7ghFrw7M=
7,-13,c66pQ4CrfOsurQw4zoWlEpucbKk=,eCFhNSpD4NtWdFM4V4ouddW90lc=
10,-12,c66pQ4CrfOsurQw4zoWlEpucbKk=,fD/mDuWu64/H8DuP2AN7ghFrw7M=
12,-8,c66pQ4CrfOsurQw4zoWlEpucbKk=,fD/mDuWu64/H8DuP2AN7ghFrw7M=
8,-12,c66pQ4CrfOsurQw4zoWlEpucbKk=,fD/mDuWu64/H8DuP2AN7ghFrw7M=
9,-12,c66pQ4CrfOsurQw4zoWlEpucbKk=,fD/mDuWu64/H8DuP2AN7ghFrw7M=
14,-13,c66pQ4CrfOsurQw4zoWlEpucbKk=,fD/mDuWu64/H8DuP2AN7ghFrw7M=
13,-13,c66pQ4CrfOsurQw4zoWlEpucbKk=,fD/mDuWu64/H8DuP2AN7ghFrw7M=
12,-13,c66pQ4CrfOsurQw4zoWlEpucbKk=,fD/mDuWu64/H8DuP2AN7ghFrw7M=
11,-13,c66pQ4CrfOsurQw4zoWlEpucbKk=,fD/mDuWu64/H8DuP2AN7ghFrw7M=
10,-13,c66pQ4CrfOsurQw4zoWlEpucbKk=,fD/mDuWu64/H8DuP2AN7ghFrw7M=
13,-8,c66pQ4CrfOsurQw4zoWlEpucbKk=,fD/mDuWu64/H8DuP2AN7ghFrw7M=
9,-13,c66pQ4CrfOsurQw4zoWlEpucbKk=,fD/mDuWu64/H8DuP2AN7ghFrw7M=
7,-14,c66pQ4CrfOsurQw4zoWlEpucbKk=,eCFhNSpD4NtWdFM4V4ouddW90lc=
8,-8,c66pQ4CrfOsurQw4zoWlEpucbKk=,fD/mDuWu64/H8DuP2AN7ghFrw7M=
14,-14,c66pQ4CrfOsurQw4zoWlEpucbKk=,fD/mDuWu64/H8DuP2AN7ghFrw7M=
3,-5,c66pQ4CrfOsurQw4zoWlEpucbKk=,EqhA1OfqFDWm5L8p1/s0nkVE7RU=
13,-14,c66pQ4CrfOsurQw4zoWlEpucbKk=,fD/mDuWu64/H8DuP2AN7ghFrw7M=
12,-14,c66pQ4CrfOsurQw4zoWlEpucbKk=,fD/mDuWu64/H8DuP2AN7ghFrw7M=
4,-5,c66pQ4CrfOsurQw4zoWlEpucbKk=,EqhA1OfqFDWm5L8p1/s0nkVE7RU=
11,-14,c66pQ4CrfOsurQw4zoWlEpucbKk=,fD/mDuWu64/H8DuP2AN7ghFrw7M=
2,-5,c66pQ4CrfOsurQw4zoWlEpucbKk=,EqhA1OfqFDWm5L8p1/s0nkVE7RU=
14,-8,c66pQ4CrfOsurQw4zoWlEpucbKk=,fD/mDuWu64/H8DuP2AN7ghFrw7M=
1,-5,c66pQ4CrfOsurQw4zoWlEpucbKk=,EqhA1OfqFDWm5L8p1/s0nkVE7RU=
7,-6,c66pQ4CrfOsurQw4zoWlEpucbKk=,EqhA1OfqFDWm5L8p1/s0nkVE7RU=
10,-14,c66pQ4CrfOsurQw4zoWlEpucbKk=,fD/mDuWu64/H8DuP2AN7ghFrw7M=
7,-15,c66pQ4CrfOsurQw4zoWlEpucbKk=,eCFhNSpD4NtWdFM4V4ouddW90lc=
8,-9,c66pQ4CrfOsurQw4zoWlEpucbKk=,fD/mDuWu64/H8DuP2AN7ghFrw7M=
9,-8,c66pQ4CrfOsurQw4zoWlEpucbKk=,fD/mDuWu64/H8DuP2AN7ghFrw7M=
9,-14,c66pQ4CrfOsurQw4zoWlEpucbKk=,fD/mDuWu64/H8DuP2AN7ghFrw7M=
5,-5,c66pQ4CrfOsurQw4zoWlEpucbKk=,EqhA1OfqFDWm5L8p1/s0nkVE7RU=
8,-14,c66pQ4CrfOsurQw4zoWlEpucbKk=,fD/mDuWu64/H8DuP2AN7ghFrw7M=
14,-15,c66pQ4CrfOsurQw4zoWlEpucbKk=,fD/mDuWu64/H8DuP2AN7ghFrw7M=
13,-15,c66pQ4CrfOsurQw4zoWlEpucbKk=,fD/mDuWu64/H8DuP2AN7ghFrw7M=
7,-10,c66pQ4CrfOsurQw4zoWlEpucbKk=,eCFhNSpD4NtWdFM4V4ouddW90lc=
6,-6,c66pQ4CrfOsurQw4zoWlEpucbKk=,EqhA1OfqFDWm5L8p1/s0nkVE7RU=
8,-7,c66pQ4CrfOsurQw4zoWlEpucbKk=,fD/mDuWu64/H8DuP2AN7ghFrw7M=
12,-15,c66pQ4CrfOsurQw4zoWlEpucbKk=,fD/mDuWu64/H8DuP2AN7ghFrw7M=
11,-15,c66pQ4CrfOsurQw4zoWlEpucbKk=,fD/mDuWu64/H8DuP2AN7ghFrw7M=
5,-6,c66pQ4CrfOsurQw4zoWlEpucbKk=,EqhA1OfqFDWm5L8p1/s0nkVE7RU=
10,-8,c66pQ4CrfOsurQw4zoWlEpucbKk=,fD/mDuWu64/H8DuP2AN7ghFrw7M=
8,-13,c66pQ4CrfOsurQw4zoWlEpucbKk=,fD/mDuWu64/H8DuP2AN7ghFrw7M=
7,-2,c66pQ4CrfOsurQw4zoWlEpucbKk=,EqhA1OfqFDWm5L8p1/s0nkVE7RU=
6,-2,c66pQ4CrfOsurQw4zoWlEpucbKk=,EqhA1OfqFDWm5L8p1/s0nkVE7RU=
4,-6,c66pQ4CrfOsurQw4zoWlEpucbKk=,EqhA1OfqFDWm5L8p1/s0nkVE7RU=
3,-6,c66pQ4CrfOsurQw4zoWlEpucbKk=,EqhA1OfqFDWm5L8p1/s0nkVE7RU=
8,-15,c66pQ4CrfOsurQw4zoWlEpucbKk=,fD/mDuWu64/H8DuP2AN7ghFrw7M=
10,-15,c66pQ4CrfOsurQw4zoWlEpucbKk=,fD/mDuWu64/H8DuP2AN7ghFrw7M=
2,-6,c66pQ4CrfOsurQw4zoWlEpucbKk=,EqhA1OfqFDWm5L8p1/s0nkVE7RU=
9,-15,c66pQ4CrfOsurQw4zoWlEpucbKk=,fD/mDuWu64/H8DuP2AN7ghFrw7M=
5,-2,c66pQ4CrfOsurQw4zoWlEpucbKk=,EqhA1OfqFDWm5L8p1/s0nkVE7RU=
1,-6,c66pQ4CrfOsurQw4zoWlEpucbKk=,EqhA1OfqFDWm5L8p1/s0nkVE7RU=
7,-7,c66pQ4CrfOsurQw4zoWlEpucbKk=,EqhA1OfqFDWm5L8p1/s0nkVE7RU=
6,-7,c66pQ4CrfOsurQw4zoWlEpucbKk=,EqhA1OfqFDWm5L8p1/s0nkVE7RU=
5,-7,c66pQ4CrfOsurQw4zoWlEpucbKk=,EqhA1OfqFDWm5L8p1/s0nkVE7RU=
3,-7,c66pQ4CrfOsurQw4zoWlEpucbKk=,EqhA1OfqFDWm5L8p1/s0nkVE7RU=
8,-2,c66pQ4CrfOsurQw4zoWlEpucbKk=,fD/mDuWu64/H8DuP2AN7ghFrw7M=
4,-2,c66pQ4CrfOsurQw4zoWlEpucbKk=,EqhA1OfqFDWm5L8p1/s0nkVE7RU=
8,-3,c66pQ4CrfOsurQw4zoWlEpucbKk=,fD/mDuWu64/H8DuP2AN7ghFrw7M=
3,-2,c66pQ4CrfOsurQw4zoWlEpucbKk=,EqhA1OfqFDWm5L8p1/s0nkVE7RU=
1,-7,c66pQ4CrfOsurQw4zoWlEpucbKk=,EqhA1OfqFDWm5L8p1/s0nkVE7RU=
2,-2,c66pQ4CrfOsurQw4zoWlEpucbKk=,EqhA1OfqFDWm5L8p1/s0nkVE7RU=
8,-5,c66pQ4CrfOsurQw4zoWlEpucbKk=,fD/mDuWu64/H8DuP2AN7ghFrw7M=
6,-5,c66pQ4CrfOsurQw4zoWlEpucbKk=,EqhA1OfqFDWm5L8p1/s0nkVE7RU=
2,-7,c66pQ4CrfOsurQw4zoWlEpucbKk=,EqhA1OfqFDWm5L8p1/s0nkVE7RU=
1,-2,c66pQ4CrfOsurQw4zoWlEpucbKk=,EqhA1OfqFDWm5L8p1/s0nkVE7RU=
7,-3,c66pQ4CrfOsurQw4zoWlEpucbKk=,EqhA1OfqFDWm5L8p1/s0nkVE7RU=
7,-8,c66pQ4CrfOsurQw4zoWlEpucbKk=,EqhA1OfqFDWm5L8p1/s0nkVE7RU=
6,-8,c66pQ4CrfOsurQw4zoWlEpucbKk=,EqhA1OfqFDWm5L8p1/s0nkVE7RU=
6,-3,c66pQ4CrfOsurQw4zoWlEpucbKk=,EqhA1OfqFDWm5L8p1/s0nkVE7RU=
7,-5,c66pQ4CrfOsurQw4zoWlEpucbKk=,EqhA1OfqFDWm5L8p1/s0nkVE7RU=
5,-3,c66pQ4CrfOsurQw4zoWlEpucbKk=,EqhA1OfqFDWm5L8p1/s0nkVE7RU=
5,-8,c66pQ4CrfOsurQw4zoWlEpucbKk=,EqhA1OfqFDWm5L8p1/s0nkVE7RU=
3,-8,c66pQ4CrfOsurQw4zoWlEpucbKk=,EqhA1OfqFDWm5L8p1/s0nkVE7RU=
3,-3,c66pQ4CrfOsurQw4zoWlEpucbKk=,EqhA1OfqFDWm5L8p1/s0nkVE7RU=
8,-6,c66pQ4CrfOsurQw4zoWlEpucbKk=,fD/mDuWu64/H8DuP2AN7ghFrw7M=
4,-8,c66pQ4CrfOsurQw4zoWlEpucbKk=,EqhA1OfqFDWm5L8p1/s0nkVE7RU=
8,-4,c66pQ4CrfOsurQw4zoWlEpucbKk=,fD/mDuWu64/H8DuP2AN7ghFrw7M=
2,-3,c66pQ4CrfOsurQw4zoWlEpucbKk=,EqhA1OfqFDWm5L8p1/s0nkVE7RU=
1,-3,c66pQ4CrfOsurQw4zoWlEpucbKk=,EqhA1OfqFDWm5L8p1/s0nkVE7RU=
2,-8,c66pQ4CrfOsurQw4zoWlEpucbKk=,EqhA1OfqFDWm5L8p1/s0nkVE7RU=
5,-4,c66pQ4CrfOsurQw4zoWlEpucbKk=,EqhA1OfqFDWm5L8p1/s0nkVE7RU=
6,-4,c66pQ4CrfOsurQw4zoWlEpucbKk=,EqhA1OfqFDWm5L8p1/s0nkVE7RU=
7,-4,c66pQ4CrfOsurQw4zoWlEpucbKk=,EqhA1OfqFDWm5L8p1/s0nkVE7RU=
1,-4,c66pQ4CrfOsurQw4zoWlEpucbKk=,EqhA1OfqFDWm5L8p1/s0nkVE7RU=
4,-4,c66pQ4CrfOsurQw4zoWlEpucbKk=,EqhA1OfqFDWm5L8p1/s0nkVE7RU=
1,-8,c66pQ4CrfOsurQw4zoWlEpucbKk=,EqhA1OfqFDWm5L8p1/s0nkVE7RU=
6,-9,c66pQ4CrfOsurQw4zoWlEpucbKk=,eCFhNSpD4NtWdFM4V4ouddW90lc=
5,-9,c66pQ4CrfOsurQw4zoWlEpucbKk=,eCFhNSpD4NtWdFM4V4ouddW90lc=
7,-9,c66pQ4CrfOsurQw4zoWlEpucbKk=,eCFhNSpD4NtWdFM4V4ouddW90lc=
4,-9,c66pQ4CrfOsurQw4zoWlEpucbKk=,eCFhNSpD4NtWdFM4V4ouddW90lc=
1,-9,c66pQ4CrfOsurQw4zoWlEpucbKk=,eCFhNSpD4NtWdFM4V4ouddW90lc=
4,-3,c66pQ4CrfOsurQw4zoWlEpucbKk=,EqhA1OfqFDWm5L8p1/s0nkVE7RU=
3,-4,c66pQ4CrfOsurQw4zoWlEpucbKk=,EqhA1OfqFDWm5L8p1/s0nkVE7RU=
3,-9,c66pQ4CrfOsurQw4zoWlEpucbKk=,eCFhNSpD4NtWdFM4V4ouddW90lc=
2,-9,c66pQ4CrfOsurQw4zoWlEpucbKk=,eCFhNSpD4NtWdFM4V4ouddW90lc=
2,-4,c66pQ4CrfOsurQw4zoWlEpucbKk=,EqhA1OfqFDWm5L8p1/s0nkVE7RU=
4,-7,c66pQ4CrfOsurQw4zoWlEpucbKk=,EqhA1OfqFDWm5L8p1/s0nkVE7RU=
12,-1,c66pQ4CrfOsurQw4zoWlEpucbKk=,fD/mDuWu64/H8DuP2AN7ghFrw7M=
13,-1,c66pQ4CrfOsurQw4zoWlEpucbKk=,fD/mDuWu64/H8DuP2AN7ghFrw7M=
8,-1,c66pQ4CrfOsurQw4zoWlEpucbKk=,fD/mDuWu64/H8DuP2AN7ghFrw7M=
7,-1,c66pQ4CrfOsurQw4zoWlEpucbKk=,EqhA1OfqFDWm5L8p1/s0nkVE7RU=
6,-1,c66pQ4CrfOsurQw4zoWlEpucbKk=,EqhA1OfqFDWm5L8p1/s0nkVE7RU=
11,-1,c66pQ4CrfOsurQw4zoWlEpucbKk=,fD/mDuWu64/H8DuP2AN7ghFrw7M=
15,-15,c66pQ4CrfOsurQw4zoWlEpucbKk=,fD/mDuWu64/H8DuP2AN7ghFrw7M=
9,-1,c66pQ4CrfOsurQw4zoWlEpucbKk=,fD/mDuWu64/H8DuP2AN7ghFrw7M=
1,-1,c66pQ4CrfOsurQw4zoWlEpucbKk=,EqhA1OfqFDWm5L8p1/s0nkVE7RU=
15,-14,c66pQ4CrfOsurQw4zoWlEpucbKk=,fD/mDuWu64/H8DuP2AN7ghFrw7M=
10,-1,c66pQ4CrfOsurQw4zoWlEpucbKk=,fD/mDuWu64/H8DuP2AN7ghFrw7M=
14,-1,c66pQ4CrfOsurQw4zoWlEpucbKk=,fD/mDuWu64/H8DuP2AN7ghFrw7M=
2,-1,c66pQ4CrfOsurQw4zoWlEpucbKk=,EqhA1OfqFDWm5L8p1/s0nkVE7RU=
5,-1,c66pQ4CrfOsurQw4zoWlEpucbKk=,EqhA1OfqFDWm5L8p1/s0nkVE7RU=
15,-13,c66pQ4CrfOsurQw4zoWlEpucbKk=,fD/mDuWu64/H8DuP2AN7ghFrw7M=
15,-10,c66pQ4CrfOsurQw4zoWlEpucbKk=,fD/mDuWu64/H8DuP2AN7ghFrw7M=
3,-1,c66pQ4CrfOsurQw4zoWlEpucbKk=,EqhA1OfqFDWm5L8p1/s0nkVE7RU=
15,-12,c66pQ4CrfOsurQw4zoWlEpucbKk=,fD/mDuWu64/H8DuP2AN7ghFrw7M=
15,-11,c66pQ4CrfOsurQw4zoWlEpucbKk=,fD/mDuWu64/H8DuP2AN7ghFrw7M=
4,-1,c66pQ4CrfOsurQw4zoWlEpucbKk=,EqhA1OfqFDWm5L8p1/s0nkVE7RU=
15,-2,c66pQ4CrfOsurQw4zoWlEpucbKk=,fD/mDuWu64/H8DuP2AN7ghFrw7M=
15,-5,c66pQ4CrfOsurQw4zoWlEpucbKk=,fD/mDuWu64/H8DuP2AN7ghFrw7M=
15,-4,c66pQ4CrfOsurQw4zoWlEpucbKk=,fD/mDuWu64/H8DuP2AN7ghFrw7M=
15,-8,c66pQ4CrfOsurQw4zoWlEpucbKk=,fD/mDuWu64/H8DuP2AN7ghFrw7M=
15,-3,c66pQ4CrfOsurQw4zoWlEpucbKk=,fD/mDuWu64/H8DuP2AN7ghFrw7M=
15,-6,c66pQ4CrfOsurQw4zoWlEpucbKk=,fD/mDuWu64/H8DuP2AN7ghFrw7M=
15,-9,c66pQ4CrfOsurQw4zoWlEpucbKk=,fD/mDuWu64/H8DuP2AN7ghFrw7M=
15,-7,c66pQ4CrfOsurQw4zoWlEpucbKk=,fD/mDuWu64/H8DuP2AN7ghFrw7M=
0,-4,c66pQ4CrfOsurQw4zoWlEpucbKk=,EqhA1OfqFDWm5L8p1/s0nkVE7RU=
0,-5,c66pQ4CrfOsurQw4zoWlEpucbKk=,EqhA1OfqFDWm5L8p1/s0nkVE7RU=
0,-6,c66pQ4CrfOsurQw4zoWlEpucbKk=,EqhA1OfqFDWm5L8p1/s0nkVE7RU=
0,-1,c66pQ4CrfOsurQw4zoWlEpucbKk=,EqhA1OfqFDWm5L8p1/s0nkVE7RU=
0,-7,c66pQ4CrfOsurQw4zoWlEpucbKk=,EqhA1OfqFDWm5L8p1/s0nkVE7RU=
0,-2,c66pQ4CrfOsurQw4zoWlEpucbKk=,EqhA1OfqFDWm5L8p1/s0nkVE7RU=
0,-3,c66pQ4CrfOsurQw4zoWlEpucbKk=,EqhA1OfqFDWm5L8p1/s0nkVE7RU=
9,-16,c66pQ4CrfOsurQw4zoWlEpucbKk=,fD/mDuWu64/H8DuP2AN7ghFrw7M=
14,-16,c66pQ4CrfOsurQw4zoWlEpucbKk=,fD/mDuWu64/H8DuP2AN7ghFrw7M=
13,-16,c66pQ4CrfOsurQw4zoWlEpucbKk=,fD/mDuWu64/H8DuP2AN7ghFrw7M=
1,-16,c66pQ4CrfOsurQw4zoWlEpucbKk=,eCFhNSpD4NtWdFM4V4ouddW90lc=
10,-16,c66pQ4CrfOsurQw4zoWlEpucbKk=,fD/mDuWu64/H8DuP2AN7ghFrw7M=
8,-16,c66pQ4CrfOsurQw4zoWlEpucbKk=,fD/mDuWu64/H8DuP2AN7ghFrw7M=
6,-16,c66pQ4CrfOsurQw4zoWlEpucbKk=,eCFhNSpD4NtWdFM4V4ouddW90lc=
7,-16,c66pQ4CrfOsurQw4zoWlEpucbKk=,eCFhNSpD4NtWdFM4V4ouddW90lc=
5,-16,c66pQ4CrfOsurQw4zoWlEpucbKk=,eCFhNSpD4NtWdFM4V4ouddW90lc=
12,-16,c66pQ4CrfOsurQw4zoWlEpucbKk=,fD/mDuWu64/H8DuP2AN7ghFrw7M=
4,-16,c66pQ4CrfOsurQw4zoWlEpucbKk=,eCFhNSpD4NtWdFM4V4ouddW90lc=
3,-16,c66pQ4CrfOsurQw4zoWlEpucbKk=,eCFhNSpD4NtWdFM4V4ouddW90lc=
11,-16,c66pQ4CrfOsurQw4zoWlEpucbKk=,fD/mDuWu64/H8DuP2AN7ghFrw7M=
2,-16,c66pQ4CrfOsurQw4zoWlEpucbKk=,eCFhNSpD4NtWdFM4V4ouddW90lc=
0,-11,c66pQ4CrfOsurQw4zoWlEpucbKk=,eCFhNSpD4NtWdFM4V4ouddW90lc=
0,-10,c66pQ4CrfOsurQw4zoWlEpucbKk=,eCFhNSpD4NtWdFM4V4ouddW90lc=
0,-12,c66pQ4CrfOsurQw4zoWlEpucbKk=,eCFhNSpD4NtWdFM4V4ouddW90lc=
0,-9,c66pQ4CrfOsurQw4zoWlEpucbKk=,eCFhNSpD4NtWdFM4V4ouddW90lc=
0,-13,c66pQ4CrfOsurQw4zoWlEpucbKk=,eCFhNSpD4NtWdFM4V4ouddW90lc=
0,-14,c66pQ4CrfOsurQw4zoWlEpucbKk=,eCFhNSpD4NtWdFM4V4ouddW90lc=
0,-15,c66pQ4CrfOsurQw4zoWlEpucbKk=,eCFhNSpD4NtWdFM4V4ouddW90lc=
0,-8,c66pQ4CrfOsurQw4zoWlEpucbKk=,EqhA1OfqFDWm5L8p1/s0nkVE7RU=
15,-16,c66pQ4CrfOsurQw4zoWlEpucbKk=,fD/mDuWu64/H8DuP2AN7ghFrw7M=
0,-16,c66pQ4CrfOsurQw4zoWlEpucbKk=,eCFhNSpD4NtWdFM4V4ouddW90lc=
15,-1,c66pQ4CrfOsurQw4zoWlEpucbKk=,fD/mDuWu64/H8DuP2AN7ghFrw7M=
