44,47,+7XdZci1sXFS6yujRFZoZkxk3OI=,L7IqmUbuUznU6h6pHTHjTiTTSrg=
45,47,+7XdZci1sXFS6yujRFZoZkxk3OI=,L7IqmUbuUznU6h6pHTHjTiTTSrg=
43,47,+7XdZci1sXFS6yujRFZoZkxk3OI=,L7IqmUbuUznU6h6pHTHjTiTTSrg=
42,47,+7XdZci1sXFS6yujRFZoZkxk3OI=,L7IqmUbuUznU6h6pHTHjTiTTSrg=
41,47,+7XdZci1sXFS6yujRFZoZkxk3OI=,L7IqmUbuUznU6h6pHTHjTiTTSrg=
40,47,+7XdZci1sXFS6yujRFZoZkxk3OI=,L7IqmUbuUznU6h6pHTHjTiTTSrg=
47,46,+7XdZci1sXFS6yujRFZoZkxk3OI=,L7IqmUbuUznU6h6pHTHjTiTTSrg=
46,46,+7XdZci1sXFS6yujRFZoZkxk3OI=,L7IqmUbuUznU6h6pHTHjTiTTSrg=
45,46,+7XdZci1sXFS6yujRFZoZkxk3OI=,L7IqmUbuUznU6h6pHTHjTiTTSrg=
44,46,+7XdZci1sXFS6yujRFZoZkxk3OI=,L7IqmUbuUznU6h6pHTHjTiTTSrg=
43,46,nxGAaid9ysz5K1Ve6R1ZL6zTww4=,L7IqmUbuUznU6h6pHTHjTiTTSrg=
42,46,nxGAaid9ysz5K1Ve6R1ZL6zTww4=,L7IqmUbuUznU6h6pHTHjTiTTSrg=
41,46,nxGAaid9ysz5K1Ve6R1ZL6zTww4=,L7IqmUbuUznU6h6pHTHjTiTTSrg=
40,46,nxGAaid9ysz5K1Ve6R1ZL6zTww4=,L7IqmUbuUznU6h6pHTHjTiTTSrg=
47,45,nxGAaid9ysz5K1Ve6R1ZL6zTww4=,L7IqmUbuUznU6h6pHTHjTiTTSrg=
46,45,nxGAaid9ysz5K1Ve6R1ZL6zTww4=,L7IqmUbuUznU6h6pHTHjTiTTSrg=
45,45,nxGAaid9ysz5K1Ve6R1ZL6zTww4=,L7IqmUbuUznU6h6pHTHjTiTTSrg=
44,45,nxGAaid9ysz5K1Ve6R1ZL6zTww4=,L7IqmUbuUznU6h6pHTHjTiTTSrg=
43,45,nxGAaid9ysz5K1Ve6R1ZL6zTww4=,L7IqmUbuUznU6h6pHTHjTiTTSrg=
42,45,nxGAaid9ysz5K1Ve6R1ZL6zTww4=,L7IqmUbuUznU6h6pHTHjTiTTSrg=
41,45,nxGAaid9ysz5K1Ve6R1ZL6zTww4=,L7IqmUbuUznU6h6pHTHjTiTTSrg=
40,45,nxGAaid9ysz5K1Ve6R1ZL6zTww4=,L7IqmUbuUznU6h6pHTHjTiTTSrg=
47,44,nxGAaid9ysz5K1Ve6R1ZL6zTww4=,L7IqmUbuUznU6h6pHTHjTiTTSrg=
46,44,nxGAaid9ysz5K1Ve6R1ZL6zTww4=,L7IqmUbuUznU6h6pHTHjTiTTSrg=
45,44,nxGAaid9ysz5K1Ve6R1ZL6zTww4=,L7IqmUbuUznU6h6pHTHjTiTTSrg=
44,44,nxGAaid9ysz5K1Ve6R1ZL6zTww4=,L7IqmUbuUznU6h6pHTHjTiTTSrg=
43,44,nxGAaid9ysz5K1Ve6R1ZL6zTww4=,L7IqmUbuUznU6h6pHTHjTiTTSrg=
41,44,nxGAaid9ysz5K1Ve6R1ZL6zTww4=,L7IqmUbuUznU6h6pHTHjTiTTSrg=
42,44,nxGAaid9ysz5K1Ve6R1ZL6zTww4=,L7IqmUbuUznU6h6pHTHjTiTTSrg=
40,44,nxGAaid9ysz5K1Ve6R1ZL6zTww4=,L7IqmUbuUznU6h6pHTHjTiTTSrg=
47,43,nxGAaid9ysz5K1Ve6R1ZL6zTww4=,L7IqmUbuUznU6h6pHTHjTiTTSrg=
46,43,nxGAaid9ysz5K1Ve6R1ZL6zTww4=,L7IqmUbuUznU6h6pHTHjTiTTSrg=
45,43,nxGAaid9ysz5K1Ve6R1ZL6zTww4=,L7IqmUbuUznU6h6pHTHjTiTTSrg=
44,43,nxGAaid9ysz5K1Ve6R1ZL6zTww4=,L7IqmUbuUznU6h6pHTHjTiTTSrg=
43,43,nxGAaid9ysz5K1Ve6R1ZL6zTww4=,L7IqmUbuUznU6h6pHTHjTiTTSrg=
42,43,nxGAaid9ysz5K1Ve6R1ZL6zTww4=,L7IqmUbuUznU6h6pHTHjTiTTSrg=
41,43,nxGAaid9ysz5K1Ve6R1ZL6zTww4=,L7IqmUbuUznU6h6pHTHjTiTTSrg=
40,43,nxGAaid9ysz5K1Ve6R1ZL6zTww4=,L7IqmUbuUznU6h6pHTHjTiTTSrg=
47,42,nxGAaid9ysz5K1Ve6R1ZL6zTww4=,L7IqmUbuUznU6h6pHTHjTiTTSrg=
46,42,nxGAaid9ysz5K1Ve6R1ZL6zTww4=,L7IqmUbuUznU6h6pHTHjTiTTSrg=
45,42,nxGAaid9ysz5K1Ve6R1ZL6zTww4=,L7IqmUbuUznU6h6pHTHjTiTTSrg=
44,42,nxGAaid9ysz5K1Ve6R1ZL6zTww4=,L7IqmUbuUznU6h6pHTHjTiTTSrg=
43,42,nxGAaid9ysz5K1Ve6R1ZL6zTww4=,L7IqmUbuUznU6h6pHTHjTiTTSrg=
42,42,nxGAaid9ysz5K1Ve6R1ZL6zTww4=,L7IqmUbuUznU6h6pHTHjTiTTSrg=
41,42,nxGAaid9ysz5K1Ve6R1ZL6zTww4=,L7IqmUbuUznU6h6pHTHjTiTTSrg=
47,47,nxGAaid9ysz5K1Ve6R1ZL6zTww4=,L7IqmUbuUznU6h6pHTHjTiTTSrg=
40,42,nxGAaid9ysz5K1Ve6R1ZL6zTww4=,L7IqmUbuUznU6h6pHTHjTiTTSrg=
47,41,nxGAaid9ysz5K1Ve6R1ZL6zTww4=,L7IqmUbuUznU6h6pHTHjTiTTSrg=
46,41,nxGAaid9ysz5K1Ve6R1ZL6zTww4=,L7IqmUbuUznU6h6pHTHjTiTTSrg=
45,41,nxGAaid9ysz5K1Ve6R1ZL6zTww4=,L7IqmUbuUznU6h6pHTHjTiTTSrg=
43,41,nxGAaid9ysz5K1Ve6R1ZL6zTww4=,L7IqmUbuUznU6h6pHTHjTiTTSrg=
44,41,nxGAaid9ysz5K1Ve6R1ZL6zTww4=,L7IqmUbuUznU6h6pHTHjTiTTSrg=
42,41,nxGAaid9ysz5K1Ve6R1ZL6zTww4=,L7IqmUbuUznU6h6pHTHjTiTTSrg=
41,41,nxGAaid9ysz5K1Ve6R1ZL6zTww4=,L7IqmUbuUznU6h6pHTHjTiTTSrg=
40,41,nxGAaid9ysz5K1Ve6R1ZL6zTww4=,L7IqmUbuUznU6h6pHTHjTiTTSrg=
46,47,nxGAaid9ysz5K1Ve6R1ZL6zTww4=,L7IqmUbuUznU6h6pHTHjTiTTSrg=
32,37,nxGAaid9ysz5K1Ve6R1ZL6zTww4=,hQpkj3jOoUcBJmSHHDLwwAYwL7U=
38,37,nxGAaid9ysz5K1Ve6R1ZL6zTww4=,hQpkj3jOoUcBJmSHHDLwwAYwL7U=
36,39,nxGAaid9ysz5K1Ve6R1ZL6zTww4=,hQpkj3jOoUcBJmSHHDLwwAYwL7U=
37,39,nxGAaid9ysz5K1Ve6R1ZL6zTww4=,hQpkj3jOoUcBJmSHHDLwwAYwL7U=
38,39,nxGAaid9ysz5K1Ve6R1ZL6zTww4=,hQpkj3jOoUcBJmSHHDLwwAYwL7U=
37,38,nxGAaid9ysz5K1Ve6R1ZL6zTww4=,hQpkj3jOoUcBJmSHHDLwwAYwL7U=
35,39,nxGAaid9ysz5K1Ve6R1ZL6zTww4=,hQpkj3jOoUcBJmSHHDLwwAYwL7U=
34,39,nxGAaid9ysz5K1Ve6R1ZL6zTww4=,hQpkj3jOoUcBJmSHHDLwwAYwL7U=
37,37,nxGAaid9ysz5K1Ve6R1ZL6zTww4=,hQpkj3jOoUcBJmSHHDLwwAYwL7U=
33,39,nxGAaid9ysz5K1Ve6R1ZL6zTww4=,hQpkj3jOoUcBJmSHHDLwwAYwL7U=
32,36,nxGAaid9ysz5K1Ve6R1ZL6zTww4=,hQpkj3jOoUcBJmSHHDLwwAYwL7U=
32,38,nxGAaid9ysz5K1Ve6R1ZL6zTww4=,hQpkj3jOoUcBJmSHHDLwwAYwL7U=
33,35,nxGAaid9ysz5K1Ve6R1ZL6zTww4=,hQpkj3jOoUcBJmSHHDLwwAYwL7U=
32,39,nxGAaid9ysz5K1Ve6R1ZL6zTww4=,hQpkj3jOoUcBJmSHHDLwwAYwL7U=
36,38,nxGAaid9ysz5K1Ve6R1ZL6zTww4=,hQpkj3jOoUcBJmSHHDLwwAYwL7U=
38,38,nxGAaid9ysz5K1Ve6R1ZL6zTww4=,hQpkj3jOoUcBJmSHHDLwwAYwL7U=
36,37,nxGAaid9ysz5K1Ve6R1ZL6zTww4=,hQpkj3jOoUcBJmSHHDLwwAYwL7U=
35,37,nxGAaid9ysz5K1Ve6R1ZL6zTww4=,hQpkj3jOoUcBJmSHHDLwwAYwL7U=
32,32,nxGAaid9ysz5K1Ve6R1ZL6zTww4=,hQpkj3jOoUcBJmSHHDLwwAYwL7U=
34,34,nxGAaid9ysz5K1Ve6R1ZL6zTww4=,hQpkj3jOoUcBJmSHHDLwwAYwL7U=
35,38,nxGAaid9ysz5K1Ve6R1ZL6zTww4=,hQpkj3jOoUcBJmSHHDLwwAYwL7U=
35,34,nxGAaid9ysz5K1Ve6R1ZL6zTww4=,hQpkj3jOoUcBJmSHHDLwwAYwL7U=
33,36,nxGAaid9ysz5K1Ve6R1ZL6zTww4=,hQpkj3jOoUcBJmSHHDLwwAYwL7U=
34,38,nxGAaid9ysz5K1Ve6R1ZL6zTww4=,hQpkj3jOoUcBJmSHHDLwwAYwL7U=
32,35,nxGAaid9ysz5K1Ve6R1ZL6zTww4=,hQpkj3jOoUcBJmSHHDLwwAYwL7U=
33,38,nxGAaid9ysz5K1Ve6R1ZL6zTww4=,hQpkj3jOoUcBJmSHHDLwwAYwL7U=
34,37,nxGAaid9ysz5K1Ve6R1ZL6zTww4=,hQpkj3jOoUcBJmSHHDLwwAYwL7U=
33,34,nxGAaid9ysz5K1Ve6R1ZL6zTww4=,hQpkj3jOoUcBJmSHHDLwwAYwL7U=
35,33,nxGAaid9ysz5K1Ve6R1ZL6zTww4=,hQpkj3jOoUcBJmSHHDLwwAYwL7U=
32,34,nxGAaid9ysz5K1Ve6R1ZL6zTww4=,hQpkj3jOoUcBJmSHHDLwwAYwL7U=
36,33,nxGAaid9ysz5K1Ve6R1ZL6zTww4=,hQpkj3jOoUcBJmSHHDLwwAYwL7U=
38,36,nxGAaid9ysz5K1Ve6R1ZL6zTww4=,hQpkj3jOoUcBJmSHHDLwwAYwL7U=
38,33,nxGAaid9ysz5K1Ve6R1ZL6zTww4=,hQpkj3jOoUcBJmSHHDLwwAYwL7U=
37,36,nxGAaid9ysz5K1Ve6R1ZL6zTww4=,hQpkj3jOoUcBJmSHHDLwwAYwL7U=
38,34,nxGAaid9ysz5K1Ve6R1ZL6zTww4=,hQpkj3jOoUcBJmSHHDLwwAYwL7U=
37,34,nxGAaid9ysz5K1Ve6R1ZL6zTww4=,hQpkj3jOoUcBJmSHHDLwwAYwL7U=
35,32,nxGAaid9ysz5K1Ve6R1ZL6zTww4=,hQpkj3jOoUcBJmSHHDLwwAYwL7U=
36,36,nxGAaid9ysz5K1Ve6R1ZL6zTww4=,hQpkj3jOoUcBJmSHHDLwwAYwL7U=
33,33,nxGAaid9ysz5K1Ve6R1ZL6zTww4=,hQpkj3jOoUcBJmSHHDLwwAYwL7U=
34,33,nxGAaid9ysz5K1Ve6R1ZL6zTww4=,hQpkj3jOoUcBJmSHHDLwwAYwL7U=
34,35,nxGAaid9ysz5K1Ve6R1ZL6zTww4=,hQpkj3jOoUcBJmSHHDLwwAYwL7U=
37,33,nxGAaid9ysz5K1Ve6R1ZL6zTww4=,hQpkj3jOoUcBJmSHHDLwwAYwL7U=
32,33,nxGAaid9ysz5K1Ve6R1ZL6zTww4=,hQpkj3jOoUcBJmSHHDLwwAYwL7U=
35,36,nxGAaid9ysz5K1Ve6R1ZL6zTww4=,hQpkj3jOoUcBJmSHHDLwwAYwL7U=
35,35,nxGAaid9ysz5K1Ve6R1ZL6zTww4=,hQpkj3jOoUcBJmSHHDLwwAYwL7U=
38,32,nxGAaid9ysz5K1Ve6R1ZL6zTww4=,hQpkj3jOoUcBJmSHHDLwwAYwL7U=
33,37,nxGAaid9ysz5K1Ve6R1ZL6zTww4=,hQpkj3jOoUcBJmSHHDLwwAYwL7U=
33,32,nxGAaid9ysz5K1Ve6R1ZL6zTww4=,hQpkj3jOoUcBJmSHHDLwwAYwL7U=
36,32,nxGAaid9ysz5K1Ve6R1ZL6zTww4=,hQpkj3jOoUcBJmSHHDLwwAYwL7U=
37,32,nxGAaid9ysz5K1Ve6R1ZL6zTww4=,hQpkj3jOoUcBJmSHHDLwwAYwL7U=
34,32,nxGAaid9ysz5K1Ve6R1ZL6zTww4=,hQpkj3jOoUcBJmSHHDLwwAYwL7U=
34,36,nxGAaid9ysz5K1Ve6R1ZL6zTww4=,hQpkj3jOoUcBJmSHHDLwwAYwL7U=
36,34,nxGAaid9ysz5K1Ve6R1ZL6zTww4=,hQpkj3jOoUcBJmSHHDLwwAYwL7U=
38,35,nxGAaid9ysz5K1Ve6R1ZL6zTww4=,hQpkj3jOoUcBJmSHHDLwwAYwL7U=
37,35,nxGAaid9ysz5K1Ve6R1ZL6zTww4=,hQpkj3jOoUcBJmSHHDLwwAYwL7U=
42,37,nxGAaid9ysz5K1Ve6R1ZL6zTww4=,L7IqmUbuUznU6h6pHTHjTiTTSrg=
41,37,nxGAaid9ysz5K1Ve6R1ZL6zTww4=,L7IqmUbuUznU6h6pHTHjTiTTSrg=
44,37,nxGAaid9ysz5K1Ve6R1ZL6zTww4=,L7IqmUbuUznU6h6pHTHjTiTTSrg=
45,37,nxGAaid9ysz5K1Ve6R1ZL6zTww4=,L7IqmUbuUznU6h6pHTHjTiTTSrg=
40,37,nxGAaid9ysz5K1Ve6R1ZL6zTww4=,L7IqmUbuUznU6h6pHTHjTiTTSrg=
47,36,nxGAaid9ysz5K1Ve6R1ZL6zTww4=,L7IqmUbuUznU6h6pHTHjTiTTSrg=
39,37,nxGAaid9ysz5K1Ve6R1ZL6zTww4=,hQpkj3jOoUcBJmSHHDLwwAYwL7U=
46,36,nxGAaid9ysz5K1Ve6R1ZL6zTww4=,L7IqmUbuUznU6h6pHTHjTiTTSrg=
45,36,nxGAaid9ysz5K1Ve6R1ZL6zTww4=,L7IqmUbuUznU6h6pHTHjTiTTSrg=
46,37,nxGAaid9ysz5K1Ve6R1ZL6zTww4=,L7IqmUbuUznU6h6pHTHjTiTTSrg=
44,36,nxGAaid9ysz5K1Ve6R1ZL6zTww4=,L7IqmUbuUznU6h6pHTHjTiTTSrg=
39,39,nxGAaid9ysz5K1Ve6R1ZL6zTww4=,hQpkj3jOoUcBJmSHHDLwwAYwL7U=
42,36,nxGAaid9ysz5K1Ve6R1ZL6zTww4=,L7IqmUbuUznU6h6pHTHjTiTTSrg=
43,36,nxGAaid9ysz5K1Ve6R1ZL6zTww4=,L7IqmUbuUznU6h6pHTHjTiTTSrg=
40,40,nxGAaid9ysz5K1Ve6R1ZL6zTww4=,L7IqmUbuUznU6h6pHTHjTiTTSrg=
41,36,nxGAaid9ysz5K1Ve6R1ZL6zTww4=,L7IqmUbuUznU6h6pHTHjTiTTSrg=
47,37,nxGAaid9ysz5K1Ve6R1ZL6zTww4=,L7IqmUbuUznU6h6pHTHjTiTTSrg=
39,38,nxGAaid9ysz5K1Ve6R1ZL6zTww4=,hQpkj3jOoUcBJmSHHDLwwAYwL7U=
41,40,nxGAaid9ysz5K1Ve6R1ZL6zTww4=,L7IqmUbuUznU6h6pHTHjTiTTSrg=
40,38,nxGAaid9ysz5K1Ve6R1ZL6zTww4=,L7IqmUbuUznU6h6pHTHjTiTTSrg=
42,40,nxGAaid9ysz5K1Ve6R1ZL6zTww4=,L7IqmUbuUznU6h6pHTHjTiTTSrg=
43,40,nxGAaid9ysz5K1Ve6R1ZL6zTww4=,L7IqmUbuUznU6h6pHTHjTiTTSrg=
44,40,nxGAaid9ysz5K1Ve6R1ZL6zTww4=,L7IqmUbuUznU6h6pHTHjTiTTSrg=
45,40,nxGAaid9ysz5K1Ve6R1ZL6zTww4=,L7IqmUbuUznU6h6pHTHjTiTTSrg=
46,40,nxGAaid9ysz5K1Ve6R1ZL6zTww4=,L7IqmUbuUznU6h6pHTHjTiTTSrg=
41,38,nxGAaid9ysz5K1Ve6R1ZL6zTww4=,L7IqmUbuUznU6h6pHTHjTiTTSrg=
47,40,nxGAaid9ysz5K1Ve6R1ZL6zTww4=,L7IqmUbuUznU6h6pHTHjTiTTSrg=
42,38,nxGAaid9ysz5K1Ve6R1ZL6zTww4=,L7IqmUbuUznU6h6pHTHjTiTTSrg=
43,38,nxGAaid9ysz5K1Ve6R1ZL6zTww4=,L7IqmUbuUznU6h6pHTHjTiTTSrg=
45,38,nxGAaid9ysz5K1Ve6R1ZL6zTww4=,L7IqmUbuUznU6h6pHTHjTiTTSrg=
46,38,nxGAaid9ysz5K1Ve6R1ZL6zTww4=,L7IqmUbuUznU6h6pHTHjTiTTSrg=
44,38,nxGAaid9ysz5K1Ve6R1ZL6zTww4=,L7IqmUbuUznU6h6pHTHjTiTTSrg=
40,36,nxGAaid9ysz5K1Ve6R1ZL6zTww4=,L7IqmUbuUznU6h6pHTHjTiTTSrg=
39,36,nxGAaid9ysz5K1Ve6R1ZL6zTww4=,hQpkj3jOoUcBJmSHHDLwwAYwL7U=
47,35,nxGAaid9ysz5K1Ve6R1ZL6zTww4=,L7IqmUbuUznU6h6pHTHjTiTTSrg=
46,35,nxGAaid9ysz5K1Ve6R1ZL6zTww4=,L7IqmUbuUznU6h6pHTHjTiTTSrg=
39,35,nxGAaid9ysz5K1Ve6R1ZL6zTww4=,hQpkj3jOoUcBJmSHHDLwwAYwL7U=
44,35,nxGAaid9ysz5K1Ve6R1ZL6zTww4=,L7IqmUbuUznU6h6pHTHjTiTTSrg=
43,35,nxGAaid9ysz5K1Ve6R1ZL6zTww4=,L7IqmUbuUznU6h6pHTHjTiTTSrg=
42,35,nxGAaid9ysz5K1Ve6R1ZL6zTww4=,L7IqmUbuUznU6h6pHTHjTiTTSrg=
45,35,nxGAaid9ysz5K1Ve6R1ZL6zTww4=,L7IqmUbuUznU6h6pHTHjTiTTSrg=
41,35,nxGAaid9ysz5K1Ve6R1ZL6zTww4=,L7IqmUbuUznU6h6pHTHjTiTTSrg=
40,35,nxGAaid9ysz5K1Ve6R1ZL6zTww4=,L7IqmUbuUznU6h6pHTHjTiTTSrg=
40,32,nxGAaid9ysz5K1Ve6R1ZL6zTww4=,L7IqmUbuUznU6h6pHTHjTiTTSrg=
47,34,nxGAaid9ysz5K1Ve6R1ZL6zTww4=,L7IqmUbuUznU6h6pHTHjTiTTSrg=
39,34,nxGAaid9ysz5K1Ve6R1ZL6zTww4=,hQpkj3jOoUcBJmSHHDLwwAYwL7U=
46,34,nxGAaid9ysz5K1Ve6R1ZL6zTww4=,L7IqmUbuUznU6h6pHTHjTiTTSrg=
45,34,nxGAaid9ysz5K1Ve6R1ZL6zTww4=,L7IqmUbuUznU6h6pHTHjTiTTSrg=
36,35,nxGAaid9ysz5K1Ve6R1ZL6zTww4=,hQpkj3jOoUcBJmSHHDLwwAYwL7U=
44,34,nxGAaid9ysz5K1Ve6R1ZL6zTww4=,L7IqmUbuUznU6h6pHTHjTiTTSrg=
41,32,nxGAaid9ysz5K1Ve6R1ZL6zTww4=,L7IqmUbuUznU6h6pHTHjTiTTSrg=
47,38,nxGAaid9ysz5K1Ve6R1ZL6zTww4=,L7IqmUbuUznU6h6pHTHjTiTTSrg=
40,39,nxGAaid9ysz5K1Ve6R1ZL6zTww4=,L7IqmUbuUznU6h6pHTHjTiTTSrg=
43,34,nxGAaid9ysz5K1Ve6R1ZL6zTww4=,L7IqmUbuUznU6h6pHTHjTiTTSrg=
42,34,nxGAaid9ysz5K1Ve6R1ZL6zTww4=,L7IqmUbuUznU6h6pHTHjTiTTSrg=
41,34,nxGAaid9ysz5K1Ve6R1ZL6zTww4=,L7IqmUbuUznU6h6pHTHjTiTTSrg=
47,33,nxGAaid9ysz5K1Ve6R1ZL6zTww4=,L7IqmUbuUznU6h6pHTHjTiTTSrg=
46,33,nxGAaid9ysz5K1Ve6R1ZL6zTww4=,L7IqmUbuUznU6h6pHTHjTiTTSrg=
40,34,nxGAaid9ysz5K1Ve6R1ZL6zTww4=,L7IqmUbuUznU6h6pHTHjTiTTSrg=
45,33,nxGAaid9ysz5K1Ve6R1ZL6zTww4=,L7IqmUbuUznU6h6pHTHjTiTTSrg=
42,32,nxGAaid9ysz5K1Ve6R1ZL6zTww4=,L7IqmUbuUznU6h6pHTHjTiTTSrg=
44,33,nxGAaid9ysz5K1Ve6R1ZL6zTww4=,L7IqmUbuUznU6h6pHTHjTiTTSrg=
43,37,nxGAaid9ysz5K1Ve6R1ZL6zTww4=,L7IqmUbuUznU6h6pHTHjTiTTSrg=
47,39,nxGAaid9ysz5K1Ve6R1ZL6zTww4=,L7IqmUbuUznU6h6pHTHjTiTTSrg=
39,33,nxGAaid9ysz5K1Ve6R1ZL6zTww4=,hQpkj3jOoUcBJmSHHDLwwAYwL7U=
47,32,nxGAaid9ysz5K1Ve6R1ZL6zTww4=,L7IqmUbuUznU6h6pHTHjTiTTSrg=
46,39,nxGAaid9ysz5K1Ve6R1ZL6zTww4=,L7IqmUbuUznU6h6pHTHjTiTTSrg=
43,33,nxGAaid9ysz5K1Ve6R1ZL6zTww4=,L7IqmUbuUznU6h6pHTHjTiTTSrg=
45,39,nxGAaid9ysz5K1Ve6R1ZL6zTww4=,L7IqmUbuUznU6h6pHTHjTiTTSrg=
40,33,nxGAaid9ysz5K1Ve6R1ZL6zTww4=,L7IqmUbuUznU6h6pHTHjTiTTSrg=
41,33,nxGAaid9ysz5K1Ve6R1ZL6zTww4=,L7IqmUbuUznU6h6pHTHjTiTTSrg=
44,39,nxGAaid9ysz5K1Ve6R1ZL6zTww4=,L7IqmUbuUznU6h6pHTHjTiTTSrg=
43,39,nxGAaid9ysz5K1Ve6R1ZL6zTww4=,L7IqmUbuUznU6h6pHTHjTiTTSrg=
42,39,nxGAaid9ysz5K1Ve6R1ZL6zTww4=,L7IqmUbuUznU6h6pHTHjTiTTSrg=
41,39,nxGAaid9ysz5K1Ve6R1ZL6zTww4=,L7IqmUbuUznU6h6pHTHjTiTTSrg=
39,32,nxGAaid9ysz5K1Ve6R1ZL6zTww4=,hQpkj3jOoUcBJmSHHDLwwAYwL7U=
46,32,nxGAaid9ysz5K1Ve6R1ZL6zTww4=,L7IqmUbuUznU6h6pHTHjTiTTSrg=
45,32,nxGAaid9ysz5K1Ve6R1ZL6zTww4=,L7IqmUbuUznU6h6pHTHjTiTTSrg=
42,33,nxGAaid9ysz5K1Ve6R1ZL6zTww4=,L7IqmUbuUznU6h6pHTHjTiTTSrg=
44,32,nxGAaid9ysz5K1Ve6R1ZL6zTww4=,L7IqmUbuUznU6h6pHTHjTiTTSrg=
43,32,nxGAaid9ysz5K1Ve6R1ZL6zTww4=,L7IqmUbuUznU6h6pHTHjTiTTSrg=
44,51,nxGAaid9ysz5K1Ve6R1ZL6zTww4=,L7IqmUbuUznU6h6pHTHjTiTTSrg=
43,51,nxGAaid9ysz5K1Ve6R1ZL6zTww4=,L7IqmUbuUznU6h6pHTHjTiTTSrg=
42,51,nxGAaid9ysz5K1Ve6R1ZL6zTww4=,L7IqmUbuUznU6h6pHTHjTiTTSrg=
41,51,nxGAaid9ysz5K1Ve6R1ZL6zTww4=,L7IqmUbuUznU6h6pHTHjTiTTSrg=
45,50,nxGAaid9ysz5K1Ve6R1ZL6zTww4=,L7IqmUbuUznU6h6pHTHjTiTTSrg=
44,50,nxGAaid9ysz5K1Ve6R1ZL6zTww4=,L7IqmUbuUznU6h6pHTHjTiTTSrg=
46,50,nxGAaid9ysz5K1Ve6R1ZL6zTww4=,L7IqmUbuUznU6h6pHTHjTiTTSrg=
42,50,nxGAaid9ysz5K1Ve6R1ZL6zTww4=,L7IqmUbuUznU6h6pHTHjTiTTSrg=
41,50,nxGAaid9ysz5K1Ve6R1ZL6zTww4=,L7IqmUbuUznU6h6pHTHjTiTTSrg=
43,50,nxGAaid9ysz5K1Ve6R1ZL6zTww4=,L7IqmUbuUznU6h6pHTHjTiTTSrg=
46,49,nxGAaid9ysz5K1Ve6R1ZL6zTww4=,L7IqmUbuUznU6h6pHTHjTiTTSrg=
45,49,nxGAaid9ysz5K1Ve6R1ZL6zTww4=,L7IqmUbuUznU6h6pHTHjTiTTSrg=
45,54,nxGAaid9ysz5K1Ve6R1ZL6zTww4=,L7IqmUbuUznU6h6pHTHjTiTTSrg=
46,54,nxGAaid9ysz5K1Ve6R1ZL6zTww4=,L7IqmUbuUznU6h6pHTHjTiTTSrg=
44,54,nxGAaid9ysz5K1Ve6R1ZL6zTww4=,L7IqmUbuUznU6h6pHTHjTiTTSrg=
43,54,nxGAaid9ysz5K1Ve6R1ZL6zTww4=,L7IqmUbuUznU6h6pHTHjTiTTSrg=
42,54,nxGAaid9ysz5K1Ve6R1ZL6zTww4=,L7IqmUbuUznU6h6pHTHjTiTTSrg=
41,54,nxGAaid9ysz5K1Ve6R1ZL6zTww4=,L7IqmUbuUznU6h6pHTHjTiTTSrg=
46,53,nxGAaid9ysz5K1Ve6R1ZL6zTww4=,L7IqmUbuUznU6h6pHTHjTiTTSrg=
43,49,nxGAaid9ysz5K1Ve6R1ZL6zTww4=,L7IqmUbuUznU6h6pHTHjTiTTSrg=
44,49,nxGAaid9ysz5K1Ve6R1ZL6zTww4=,L7IqmUbuUznU6h6pHTHjTiTTSrg=
45,53,nxGAaid9ysz5K1Ve6R1ZL6zTww4=,L7IqmUbuUznU6h6pHTHjTiTTSrg=
44,53,nxGAaid9ysz5K1Ve6R1ZL6zTww4=,L7IqmUbuUznU6h6pHTHjTiTTSrg=
42,49,nxGAaid9ysz5K1Ve6R1ZL6zTww4=,L7IqmUbuUznU6h6pHTHjTiTTSrg=
37,53,nxGAaid9ysz5K1Ve6R1ZL6zTww4=,hQpkj3jOoUcBJmSHHDLwwAYwL7U=
35,49,nxGAaid9ysz5K1Ve6R1ZL6zTww4=,hQpkj3jOoUcBJmSHHDLwwAYwL7U=
38,53,nxGAaid9ysz5K1Ve6R1ZL6zTww4=,hQpkj3jOoUcBJmSHHDLwwAYwL7U=
39,53,nxGAaid9ysz5K1Ve6R1ZL6zTww4=,hQpkj3jOoUcBJmSHHDLwwAYwL7U=
33,54,nxGAaid9ysz5K1Ve6R1ZL6zTww4=,hQpkj3jOoUcBJmSHHDLwwAYwL7U=
39,52,nxGAaid9ysz5K1Ve6R1ZL6zTww4=,hQpkj3jOoUcBJmSHHDLwwAYwL7U=
36,49,nxGAaid9ysz5K1Ve6R1ZL6zTww4=,hQpkj3jOoUcBJmSHHDLwwAYwL7U=
37,49,nxGAaid9ysz5K1Ve6R1ZL6zTww4=,hQpkj3jOoUcBJmSHHDLwwAYwL7U=
39,51,nxGAaid9ysz5K1Ve6R1ZL6zTww4=,hQpkj3jOoUcBJmSHHDLwwAYwL7U=
33,50,nxGAaid9ysz5K1Ve6R1ZL6zTww4=,hQpkj3jOoUcBJmSHHDLwwAYwL7U=
34,54,nxGAaid9ysz5K1Ve6R1ZL6zTww4=,hQpkj3jOoUcBJmSHHDLwwAYwL7U=
40,52,nxGAaid9ysz5K1Ve6R1ZL6zTww4=,L7IqmUbuUznU6h6pHTHjTiTTSrg=
35,54,nxGAaid9ysz5K1Ve6R1ZL6zTww4=,hQpkj3jOoUcBJmSHHDLwwAYwL7U=
34,50,nxGAaid9ysz5K1Ve6R1ZL6zTww4=,hQpkj3jOoUcBJmSHHDLwwAYwL7U=
35,50,nxGAaid9ysz5K1Ve6R1ZL6zTww4=,hQpkj3jOoUcBJmSHHDLwwAYwL7U=
36,50,nxGAaid9ysz5K1Ve6R1ZL6zTww4=,hQpkj3jOoUcBJmSHHDLwwAYwL7U=
38,50,nxGAaid9ysz5K1Ve6R1ZL6zTww4=,hQpkj3jOoUcBJmSHHDLwwAYwL7U=
33,51,nxGAaid9ysz5K1Ve6R1ZL6zTww4=,hQpkj3jOoUcBJmSHHDLwwAYwL7U=
39,50,nxGAaid9ysz5K1Ve6R1ZL6zTww4=,hQpkj3jOoUcBJmSHHDLwwAYwL7U=
36,54,nxGAaid9ysz5K1Ve6R1ZL6zTww4=,hQpkj3jOoUcBJmSHHDLwwAYwL7U=
34,51,nxGAaid9ysz5K1Ve6R1ZL6zTww4=,hQpkj3jOoUcBJmSHHDLwwAYwL7U=
35,51,nxGAaid9ysz5K1Ve6R1ZL6zTww4=,hQpkj3jOoUcBJmSHHDLwwAYwL7U=
37,50,nxGAaid9ysz5K1Ve6R1ZL6zTww4=,hQpkj3jOoUcBJmSHHDLwwAYwL7U=
33,52,nxGAaid9ysz5K1Ve6R1ZL6zTww4=,hQpkj3jOoUcBJmSHHDLwwAYwL7U=
36,51,nxGAaid9ysz5K1Ve6R1ZL6zTww4=,hQpkj3jOoUcBJmSHHDLwwAYwL7U=
37,54,nxGAaid9ysz5K1Ve6R1ZL6zTww4=,hQpkj3jOoUcBJmSHHDLwwAYwL7U=
40,53,nxGAaid9ysz5K1Ve6R1ZL6zTww4=,L7IqmUbuUznU6h6pHTHjTiTTSrg=
37,51,nxGAaid9ysz5K1Ve6R1ZL6zTww4=,hQpkj3jOoUcBJmSHHDLwwAYwL7U=
38,51,nxGAaid9ysz5K1Ve6R1ZL6zTww4=,hQpkj3jOoUcBJmSHHDLwwAYwL7U=
34,52,nxGAaid9ysz5K1Ve6R1ZL6zTww4=,hQpkj3jOoUcBJmSHHDLwwAYwL7U=
35,52,nxGAaid9ysz5K1Ve6R1ZL6zTww4=,hQpkj3jOoUcBJmSHHDLwwAYwL7U=
38,54,nxGAaid9ysz5K1Ve6R1ZL6zTww4=,hQpkj3jOoUcBJmSHHDLwwAYwL7U=
40,49,nxGAaid9ysz5K1Ve6R1ZL6zTww4=,L7IqmUbuUznU6h6pHTHjTiTTSrg=
33,53,nxGAaid9ysz5K1Ve6R1ZL6zTww4=,hQpkj3jOoUcBJmSHHDLwwAYwL7U=
36,52,nxGAaid9ysz5K1Ve6R1ZL6zTww4=,hQpkj3jOoUcBJmSHHDLwwAYwL7U=
33,49,nxGAaid9ysz5K1Ve6R1ZL6zTww4=,hQpkj3jOoUcBJmSHHDLwwAYwL7U=
40,54,nxGAaid9ysz5K1Ve6R1ZL6zTww4=,L7IqmUbuUznU6h6pHTHjTiTTSrg=
39,54,nxGAaid9ysz5K1Ve6R1ZL6zTww4=,hQpkj3jOoUcBJmSHHDLwwAYwL7U=
34,53,nxGAaid9ysz5K1Ve6R1ZL6zTww4=,hQpkj3jOoUcBJmSHHDLwwAYwL7U=
37,52,nxGAaid9ysz5K1Ve6R1ZL6zTww4=,hQpkj3jOoUcBJmSHHDLwwAYwL7U=
34,49,nxGAaid9ysz5K1Ve6R1ZL6zTww4=,hQpkj3jOoUcBJmSHHDLwwAYwL7U=
35,53,nxGAaid9ysz5K1Ve6R1ZL6zTww4=,hQpkj3jOoUcBJmSHHDLwwAYwL7U=
40,50,nxGAaid9ysz5K1Ve6R1ZL6zTww4=,L7IqmUbuUznU6h6pHTHjTiTTSrg=
38,52,nxGAaid9ysz5K1Ve6R1ZL6zTww4=,hQpkj3jOoUcBJmSHHDLwwAYwL7U=
36,53,nxGAaid9ysz5K1Ve6R1ZL6zTww4=,hQpkj3jOoUcBJmSHHDLwwAYwL7U=
38,49,nxGAaid9ysz5K1Ve6R1ZL6zTww4=,hQpkj3jOoUcBJmSHHDLwwAYwL7U=
39,49,nxGAaid9ysz5K1Ve6R1ZL6zTww4=,hQpkj3jOoUcBJmSHHDLwwAYwL7U=
40,51,nxGAaid9ysz5K1Ve6R1ZL6zTww4=,L7IqmUbuUznU6h6pHTHjTiTTSrg=
43,53,nxGAaid9ysz5K1Ve6R1ZL6zTww4=,L7IqmUbuUznU6h6pHTHjTiTTSrg=
41,49,nxGAaid9ysz5K1Ve6R1ZL6zTww4=,L7IqmUbuUznU6h6pHTHjTiTTSrg=
42,53,nxGAaid9ysz5K1Ve6R1ZL6zTww4=,L7IqmUbuUznU6h6pHTHjTiTTSrg=
41,53,nxGAaid9ysz5K1Ve6R1ZL6zTww4=,L7IqmUbuUznU6h6pHTHjTiTTSrg=
46,52,nxGAaid9ysz5K1Ve6R1ZL6zTww4=,L7IqmUbuUznU6h6pHTHjTiTTSrg=
45,52,nxGAaid9ysz5K1Ve6R1ZL6zTww4=,L7IqmUbuUznU6h6pHTHjTiTTSrg=
44,52,nxGAaid9ysz5K1Ve6R1ZL6zTww4=,L7IqmUbuUznU6h6pHTHjTiTTSrg=
43,52,nxGAaid9ysz5K1Ve6R1ZL6zTww4=,L7IqmUbuUznU6h6pHTHjTiTTSrg=
42,52,nxGAaid9ysz5K1Ve6R1ZL6zTww4=,L7IqmUbuUznU6h6pHTHjTiTTSrg=
41,52,nxGAaid9ysz5K1Ve6R1ZL6zTww4=,L7IqmUbuUznU6h6pHTHjTiTTSrg=
46,51,nxGAaid9ysz5K1Ve6R1ZL6zTww4=,L7IqmUbuUznU6h6pHTHjTiTTSrg=
45,51,nxGAaid9ysz5K1Ve6R1ZL6zTww4=,L7IqmUbuUznU6h6pHTHjTiTTSrg=
44,59,nxGAaid9ysz5K1Ve6R1ZL6zTww4=,L7IqmUbuUznU6h6pHTHjTiTTSrg=
45,59,nxGAaid9ysz5K1Ve6R1ZL6zTww4=,L7IqmUbuUznU6h6pHTHjTiTTSrg=
46,59,nxGAaid9ysz5K1Ve6R1ZL6zTww4=,L7IqmUbuUznU6h6pHTHjTiTTSrg=
41,60,nxGAaid9ysz5K1Ve6R1ZL6zTww4=,L7IqmUbuUznU6h6pHTHjTiTTSrg=
42,60,nxGAaid9ysz5K1Ve6R1ZL6zTww4=,L7IqmUbuUznU6h6pHTHjTiTTSrg=
43,60,nxGAaid9ysz5K1Ve6R1ZL6zTww4=,L7IqmUbuUznU6h6pHTHjTiTTSrg=
44,60,nxGAaid9ysz5K1Ve6R1ZL6zTww4=,L7IqmUbuUznU6h6pHTHjTiTTSrg=
45,60,nxGAaid9ysz5K1Ve6R1ZL6zTww4=,L7IqmUbuUznU6h6pHTHjTiTTSrg=
46,60,nxGAaid9ysz5K1Ve6R1ZL6zTww4=,L7IqmUbuUznU6h6pHTHjTiTTSrg=
41,61,nxGAaid9ysz5K1Ve6R1ZL6zTww4=,L7IqmUbuUznU6h6pHTHjTiTTSrg=
42,61,nxGAaid9ysz5K1Ve6R1ZL6zTww4=,L7IqmUbuUznU6h6pHTHjTiTTSrg=
43,61,nxGAaid9ysz5K1Ve6R1ZL6zTww4=,L7IqmUbuUznU6h6pHTHjTiTTSrg=
44,61,nxGAaid9ysz5K1Ve6R1ZL6zTww4=,L7IqmUbuUznU6h6pHTHjTiTTSrg=
45,61,nxGAaid9ysz5K1Ve6R1ZL6zTww4=,L7IqmUbuUznU6h6pHTHjTiTTSrg=
46,61,nxGAaid9ysz5K1Ve6R1ZL6zTww4=,L7IqmUbuUznU6h6pHTHjTiTTSrg=
41,62,nxGAaid9ysz5K1Ve6R1ZL6zTww4=,L7IqmUbuUznU6h6pHTHjTiTTSrg=
41,56,nxGAaid9ysz5K1Ve6R1ZL6zTww4=,L7IqmUbuUznU6h6pHTHjTiTTSrg=
42,56,nxGAaid9ysz5K1Ve6R1ZL6zTww4=,L7IqmUbuUznU6h6pHTHjTiTTSrg=
43,56,nxGAaid9ysz5K1Ve6R1ZL6zTww4=,L7IqmUbuUznU6h6pHTHjTiTTSrg=
44,56,nxGAaid9ysz5K1Ve6R1ZL6zTww4=,L7IqmUbuUznU6h6pHTHjTiTTSrg=
45,56,nxGAaid9ysz5K1Ve6R1ZL6zTww4=,L7IqmUbuUznU6h6pHTHjTiTTSrg=
42,62,nxGAaid9ysz5K1Ve6R1ZL6zTww4=,L7IqmUbuUznU6h6pHTHjTiTTSrg=
46,56,nxGAaid9ysz5K1Ve6R1ZL6zTww4=,L7IqmUbuUznU6h6pHTHjTiTTSrg=
41,57,nxGAaid9ysz5K1Ve6R1ZL6zTww4=,L7IqmUbuUznU6h6pHTHjTiTTSrg=
43,62,nxGAaid9ysz5K1Ve6R1ZL6zTww4=,L7IqmUbuUznU6h6pHTHjTiTTSrg=
42,57,nxGAaid9ysz5K1Ve6R1ZL6zTww4=,L7IqmUbuUznU6h6pHTHjTiTTSrg=
44,62,nxGAaid9ysz5K1Ve6R1ZL6zTww4=,L7IqmUbuUznU6h6pHTHjTiTTSrg=
43,57,nxGAaid9ysz5K1Ve6R1ZL6zTww4=,L7IqmUbuUznU6h6pHTHjTiTTSrg=
45,62,nxGAaid9ysz5K1Ve6R1ZL6zTww4=,L7IqmUbuUznU6h6pHTHjTiTTSrg=
46,62,nxGAaid9ysz5K1Ve6R1ZL6zTww4=,L7IqmUbuUznU6h6pHTHjTiTTSrg=
44,57,nxGAaid9ysz5K1Ve6R1ZL6zTww4=,L7IqmUbuUznU6h6pHTHjTiTTSrg=
45,57,nxGAaid9ysz5K1Ve6R1ZL6zTww4=,L7IqmUbuUznU6h6pHTHjTiTTSrg=
46,57,nxGAaid9ysz5K1Ve6R1ZL6zTww4=,L7IqmUbuUznU6h6pHTHjTiTTSrg=
41,55,nxGAaid9ysz5K1Ve6R1ZL6zTww4=,L7IqmUbuUznU6h6pHTHjTiTTSrg=
42,55,nxGAaid9ysz5K1Ve6R1ZL6zTww4=,L7IqmUbuUznU6h6pHTHjTiTTSrg=
43,55,nxGAaid9ysz5K1Ve6R1ZL6zTww4=,L7IqmUbuUznU6h6pHTHjTiTTSrg=
41,58,nxGAaid9ysz5K1Ve6R1ZL6zTww4=,L7IqmUbuUznU6h6pHTHjTiTTSrg=
42,58,nxGAaid9ysz5K1Ve6R1ZL6zTww4=,L7IqmUbuUznU6h6pHTHjTiTTSrg=
44,55,nxGAaid9ysz5K1Ve6R1ZL6zTww4=,L7IqmUbuUznU6h6pHTHjTiTTSrg=
43,58,nxGAaid9ysz5K1Ve6R1ZL6zTww4=,L7IqmUbuUznU6h6pHTHjTiTTSrg=
44,58,nxGAaid9ysz5K1Ve6R1ZL6zTww4=,L7IqmUbuUznU6h6pHTHjTiTTSrg=
45,58,nxGAaid9ysz5K1Ve6R1ZL6zTww4=,L7IqmUbuUznU6h6pHTHjTiTTSrg=
46,58,nxGAaid9ysz5K1Ve6R1ZL6zTww4=,L7IqmUbuUznU6h6pHTHjTiTTSrg=
45,55,nxGAaid9ysz5K1Ve6R1ZL6zTww4=,L7IqmUbuUznU6h6pHTHjTiTTSrg=
41,59,nxGAaid9ysz5K1Ve6R1ZL6zTww4=,L7IqmUbuUznU6h6pHTHjTiTTSrg=
42,59,nxGAaid9ysz5K1Ve6R1ZL6zTww4=,L7IqmUbuUznU6h6pHTHjTiTTSrg=
46,55,nxGAaid9ysz5K1Ve6R1ZL6zTww4=,L7IqmUbuUznU6h6pHTHjTiTTSrg=
43,59,nxGAaid9ysz5K1Ve6R1ZL6zTww4=,L7IqmUbuUznU6h6pHTHjTiTTSrg=
35,55,nxGAaid9ysz5K1Ve6R1ZL6zTww4=,hQpkj3jOoUcBJmSHHDLwwAYwL7U=
34,55,nxGAaid9ysz5K1Ve6R1ZL6zTww4=,hQpkj3jOoUcBJmSHHDLwwAYwL7U=
40,59,nxGAaid9ysz5K1Ve6R1ZL6zTww4=,L7IqmUbuUznU6h6pHTHjTiTTSrg=
33,55,nxGAaid9ysz5K1Ve6R1ZL6zTww4=,hQpkj3jOoUcBJmSHHDLwwAYwL7U=
40,58,nxGAaid9ysz5K1Ve6R1ZL6zTww4=,L7IqmUbuUznU6h6pHTHjTiTTSrg=
39,60,nxGAaid9ysz5K1Ve6R1ZL6zTww4=,hQpkj3jOoUcBJmSHHDLwwAYwL7U=
38,60,nxGAaid9ysz5K1Ve6R1ZL6zTww4=,hQpkj3jOoUcBJmSHHDLwwAYwL7U=
40,55,nxGAaid9ysz5K1Ve6R1ZL6zTww4=,L7IqmUbuUznU6h6pHTHjTiTTSrg=
37,60,nxGAaid9ysz5K1Ve6R1ZL6zTww4=,hQpkj3jOoUcBJmSHHDLwwAYwL7U=
40,57,nxGAaid9ysz5K1Ve6R1ZL6zTww4=,L7IqmUbuUznU6h6pHTHjTiTTSrg=
36,61,nxGAaid9ysz5K1Ve6R1ZL6zTww4=,hQpkj3jOoUcBJmSHHDLwwAYwL7U=
37,61,nxGAaid9ysz5K1Ve6R1ZL6zTww4=,hQpkj3jOoUcBJmSHHDLwwAYwL7U=
38,61,nxGAaid9ysz5K1Ve6R1ZL6zTww4=,hQpkj3jOoUcBJmSHHDLwwAYwL7U=
39,61,nxGAaid9ysz5K1Ve6R1ZL6zTww4=,hQpkj3jOoUcBJmSHHDLwwAYwL7U=
36,55,nxGAaid9ysz5K1Ve6R1ZL6zTww4=,hQpkj3jOoUcBJmSHHDLwwAYwL7U=
37,55,nxGAaid9ysz5K1Ve6R1ZL6zTww4=,hQpkj3jOoUcBJmSHHDLwwAYwL7U=
38,55,nxGAaid9ysz5K1Ve6R1ZL6zTww4=,hQpkj3jOoUcBJmSHHDLwwAYwL7U=
39,55,nxGAaid9ysz5K1Ve6R1ZL6zTww4=,hQpkj3jOoUcBJmSHHDLwwAYwL7U=
33,56,nxGAaid9ysz5K1Ve6R1ZL6zTww4=,hQpkj3jOoUcBJmSHHDLwwAYwL7U=
36,60,nxGAaid9ysz5K1Ve6R1ZL6zTww4=,hQpkj3jOoUcBJmSHHDLwwAYwL7U=
35,61,nxGAaid9ysz5K1Ve6R1ZL6zTww4=,hQpkj3jOoUcBJmSHHDLwwAYwL7U=
33,61,nxGAaid9ysz5K1Ve6R1ZL6zTww4=,hQpkj3jOoUcBJmSHHDLwwAYwL7U=
39,59,nxGAaid9ysz5K1Ve6R1ZL6zTww4=,hQpkj3jOoUcBJmSHHDLwwAYwL7U=
34,61,nxGAaid9ysz5K1Ve6R1ZL6zTww4=,hQpkj3jOoUcBJmSHHDLwwAYwL7U=
40,56,nxGAaid9ysz5K1Ve6R1ZL6zTww4=,L7IqmUbuUznU6h6pHTHjTiTTSrg=
38,59,nxGAaid9ysz5K1Ve6R1ZL6zTww4=,hQpkj3jOoUcBJmSHHDLwwAYwL7U=
37,59,nxGAaid9ysz5K1Ve6R1ZL6zTww4=,hQpkj3jOoUcBJmSHHDLwwAYwL7U=
40,62,nxGAaid9ysz5K1Ve6R1ZL6zTww4=,L7IqmUbuUznU6h6pHTHjTiTTSrg=
35,60,nxGAaid9ysz5K1Ve6R1ZL6zTww4=,hQpkj3jOoUcBJmSHHDLwwAYwL7U=
36,59,nxGAaid9ysz5K1Ve6R1ZL6zTww4=,hQpkj3jOoUcBJmSHHDLwwAYwL7U=
39,58,nxGAaid9ysz5K1Ve6R1ZL6zTww4=,hQpkj3jOoUcBJmSHHDLwwAYwL7U=
38,58,nxGAaid9ysz5K1Ve6R1ZL6zTww4=,hQpkj3jOoUcBJmSHHDLwwAYwL7U=
37,58,nxGAaid9ysz5K1Ve6R1ZL6zTww4=,hQpkj3jOoUcBJmSHHDLwwAYwL7U=
36,58,nxGAaid9ysz5K1Ve6R1ZL6zTww4=,hQpkj3jOoUcBJmSHHDLwwAYwL7U=
33,62,nxGAaid9ysz5K1Ve6R1ZL6zTww4=,hQpkj3jOoUcBJmSHHDLwwAYwL7U=
35,58,nxGAaid9ysz5K1Ve6R1ZL6zTww4=,hQpkj3jOoUcBJmSHHDLwwAYwL7U=
35,59,nxGAaid9ysz5K1Ve6R1ZL6zTww4=,hQpkj3jOoUcBJmSHHDLwwAYwL7U=
33,60,nxGAaid9ysz5K1Ve6R1ZL6zTww4=,hQpkj3jOoUcBJmSHHDLwwAYwL7U=
39,57,nxGAaid9ysz5K1Ve6R1ZL6zTww4=,hQpkj3jOoUcBJmSHHDLwwAYwL7U=
38,57,nxGAaid9ysz5K1Ve6R1ZL6zTww4=,hQpkj3jOoUcBJmSHHDLwwAYwL7U=
37,57,nxGAaid9ysz5K1Ve6R1ZL6zTww4=,hQpkj3jOoUcBJmSHHDLwwAYwL7U=
36,57,nxGAaid9ysz5K1Ve6R1ZL6zTww4=,hQpkj3jOoUcBJmSHHDLwwAYwL7U=
40,61,nxGAaid9ysz5K1Ve6R1ZL6zTww4=,L7IqmUbuUznU6h6pHTHjTiTTSrg=
35,57,nxGAaid9ysz5K1Ve6R1ZL6zTww4=,hQpkj3jOoUcBJmSHHDLwwAYwL7U=
34,57,nxGAaid9ysz5K1Ve6R1ZL6zTww4=,hQpkj3jOoUcBJmSHHDLwwAYwL7U=
33,57,nxGAaid9ysz5K1Ve6R1ZL6zTww4=,hQpkj3jOoUcBJmSHHDLwwAYwL7U=
33,59,nxGAaid9ysz5K1Ve6R1ZL6zTww4=,hQpkj3jOoUcBJmSHHDLwwAYwL7U=
39,62,nxGAaid9ysz5K1Ve6R1ZL6zTww4=,hQpkj3jOoUcBJmSHHDLwwAYwL7U=
38,62,nxGAaid9ysz5K1Ve6R1ZL6zTww4=,hQpkj3jOoUcBJmSHHDLwwAYwL7U=
39,56,nxGAaid9ysz5K1Ve6R1ZL6zTww4=,hQpkj3jOoUcBJmSHHDLwwAYwL7U=
38,56,nxGAaid9ysz5K1Ve6R1ZL6zTww4=,hQpkj3jOoUcBJmSHHDLwwAYwL7U=
40,60,nxGAaid9ysz5K1Ve6R1ZL6zTww4=,L7IqmUbuUznU6h6pHTHjTiTTSrg=
37,56,nxGAaid9ysz5K1Ve6R1ZL6zTww4=,hQpkj3jOoUcBJmSHHDLwwAYwL7U=
36,56,nxGAaid9ysz5K1Ve6R1ZL6zTww4=,hQpkj3jOoUcBJmSHHDLwwAYwL7U=
35,56,nxGAaid9ysz5K1Ve6R1ZL6zTww4=,hQpkj3jOoUcBJmSHHDLwwAYwL7U=
34,56,nxGAaid9ysz5K1Ve6R1ZL6zTww4=,hQpkj3jOoUcBJmSHHDLwwAYwL7U=
37,62,nxGAaid9ysz5K1Ve6R1ZL6zTww4=,hQpkj3jOoUcBJmSHHDLwwAYwL7U=
34,58,nxGAaid9ysz5K1Ve6R1ZL6zTww4=,hQpkj3jOoUcBJmSHHDLwwAYwL7U=
34,59,nxGAaid9ysz5K1Ve6R1ZL6zTww4=,hQpkj3jOoUcBJmSHHDLwwAYwL7U=
34,62,nxGAaid9ysz5K1Ve6R1ZL6zTww4=,hQpkj3jOoUcBJmSHHDLwwAYwL7U=
33,58,nxGAaid9ysz5K1Ve6R1ZL6zTww4=,hQpkj3jOoUcBJmSHHDLwwAYwL7U=
36,62,nxGAaid9ysz5K1Ve6R1ZL6zTww4=,hQpkj3jOoUcBJmSHHDLwwAYwL7U=
34,60,nxGAaid9ysz5K1Ve6R1ZL6zTww4=,hQpkj3jOoUcBJmSHHDLwwAYwL7U=
35,62,nxGAaid9ysz5K1Ve6R1ZL6zTww4=,hQpkj3jOoUcBJmSHHDLwwAYwL7U=
47,59,nxGAaid9ysz5K1Ve6R1ZL6zTww4=,L7IqmUbuUznU6h6pHTHjTiTTSrg=
39,63,nxGAaid9ysz5K1Ve6R1ZL6zTww4=,hQpkj3jOoUcBJmSHHDLwwAYwL7U=
41,63,nxGAaid9ysz5K1Ve6R1ZL6zTww4=,L7IqmUbuUznU6h6pHTHjTiTTSrg=
40,63,nxGAaid9ysz5K1Ve6R1ZL6zTww4=,L7IqmUbuUznU6h6pHTHjTiTTSrg=
42,63,nxGAaid9ysz5K1Ve6R1ZL6zTww4=,L7IqmUbuUznU6h6pHTHjTiTTSrg=
43,63,nxGAaid9ysz5K1Ve6R1ZL6zTww4=,L7IqmUbuUznU6h6pHTHjTiTTSrg=
44,63,nxGAaid9ysz5K1Ve6R1ZL6zTww4=,L7IqmUbuUznU6h6pHTHjTiTTSrg=
45,63,nxGAaid9ysz5K1Ve6R1ZL6zTww4=,L7IqmUbuUznU6h6pHTHjTiTTSrg=
47,58,nxGAaid9ysz5K1Ve6R1ZL6zTww4=,L7IqmUbuUznU6h6pHTHjTiTTSrg=
46,63,nxGAaid9ysz5K1Ve6R1ZL6zTww4=,L7IqmUbuUznU6h6pHTHjTiTTSrg=
47,57,nxGAaid9ysz5K1Ve6R1ZL6zTww4=,L7IqmUbuUznU6h6pHTHjTiTTSrg=
47,61,nxGAaid9ysz5K1Ve6R1ZL6zTww4=,L7IqmUbuUznU6h6pHTHjTiTTSrg=
47,51,nxGAaid9ysz5K1Ve6R1ZL6zTww4=,L7IqmUbuUznU6h6pHTHjTiTTSrg=
47,52,nxGAaid9ysz5K1Ve6R1ZL6zTww4=,L7IqmUbuUznU6h6pHTHjTiTTSrg=
47,53,nxGAaid9ysz5K1Ve6R1ZL6zTww4=,L7IqmUbuUznU6h6pHTHjTiTTSrg=
47,56,nxGAaid9ysz5K1Ve6R1ZL6zTww4=,L7IqmUbuUznU6h6pHTHjTiTTSrg=
47,49,nxGAaid9ysz5K1Ve6R1ZL6zTww4=,L7IqmUbuUznU6h6pHTHjTiTTSrg=
47,54,nxGAaid9ysz5K1Ve6R1ZL6zTww4=,L7IqmUbuUznU6h6pHTHjTiTTSrg=
47,50,nxGAaid9ysz5K1Ve6R1ZL6zTww4=,L7IqmUbuUznU6h6pHTHjTiTTSrg=
47,55,nxGAaid9ysz5K1Ve6R1ZL6zTww4=,L7IqmUbuUznU6h6pHTHjTiTTSrg=
47,60,nxGAaid9ysz5K1Ve6R1ZL6zTww4=,L7IqmUbuUznU6h6pHTHjTiTTSrg=
47,62,nxGAaid9ysz5K1Ve6R1ZL6zTww4=,L7IqmUbuUznU6h6pHTHjTiTTSrg=
38,63,nxGAaid9ysz5K1Ve6R1ZL6zTww4=,hQpkj3jOoUcBJmSHHDLwwAYwL7U=
33,63,nxGAaid9ysz5K1Ve6R1ZL6zTww4=,hQpkj3jOoUcBJmSHHDLwwAYwL7U=
36,63,nxGAaid9ysz5K1Ve6R1ZL6zTww4=,hQpkj3jOoUcBJmSHHDLwwAYwL7U=
37,63,nxGAaid9ysz5K1Ve6R1ZL6zTww4=,hQpkj3jOoUcBJmSHHDLwwAYwL7U=
35,63,nxGAaid9ysz5K1Ve6R1ZL6zTww4=,hQpkj3jOoUcBJmSHHDLwwAYwL7U=
34,63,nxGAaid9ysz5K1Ve6R1ZL6zTww4=,hQpkj3jOoUcBJmSHHDLwwAYwL7U=
37,48,nxGAaid9ysz5K1Ve6R1ZL6zTww4=,hQpkj3jOoUcBJmSHHDLwwAYwL7U=
36,48,nxGAaid9ysz5K1Ve6R1ZL6zTww4=,hQpkj3jOoUcBJmSHHDLwwAYwL7U=
35,48,nxGAaid9ysz5K1Ve6R1ZL6zTww4=,hQpkj3jOoUcBJmSHHDLwwAYwL7U=
34,48,nxGAaid9ysz5K1Ve6R1ZL6zTww4=,hQpkj3jOoUcBJmSHHDLwwAYwL7U=
33,48,nxGAaid9ysz5K1Ve6R1ZL6zTww4=,hQpkj3jOoUcBJmSHHDLwwAYwL7U=
38,48,nxGAaid9ysz5K1Ve6R1ZL6zTww4=,hQpkj3jOoUcBJmSHHDLwwAYwL7U=
32,54,nxGAaid9ysz5K1Ve6R1ZL6zTww4=,hQpkj3jOoUcBJmSHHDLwwAYwL7U=
32,52,nxGAaid9ysz5K1Ve6R1ZL6zTww4=,hQpkj3jOoUcBJmSHHDLwwAYwL7U=
32,51,nxGAaid9ysz5K1Ve6R1ZL6zTww4=,hQpkj3jOoUcBJmSHHDLwwAYwL7U=
32,53,nxGAaid9ysz5K1Ve6R1ZL6zTww4=,hQpkj3jOoUcBJmSHHDLwwAYwL7U=
32,49,nxGAaid9ysz5K1Ve6R1ZL6zTww4=,hQpkj3jOoUcBJmSHHDLwwAYwL7U=
32,50,nxGAaid9ysz5K1Ve6R1ZL6zTww4=,hQpkj3jOoUcBJmSHHDLwwAYwL7U=
32,55,nxGAaid9ysz5K1Ve6R1ZL6zTww4=,hQpkj3jOoUcBJmSHHDLwwAYwL7U=
32,56,nxGAaid9ysz5K1Ve6R1ZL6zTww4=,hQpkj3jOoUcBJmSHHDLwwAYwL7U=
32,62,nxGAaid9ysz5K1Ve6R1ZL6zTww4=,hQpkj3jOoUcBJmSHHDLwwAYwL7U=
32,57,nxGAaid9ysz5K1Ve6R1ZL6zTww4=,hQpkj3jOoUcBJmSHHDLwwAYwL7U=
32,61,nxGAaid9ysz5K1Ve6R1ZL6zTww4=,hQpkj3jOoUcBJmSHHDLwwAYwL7U=
32,60,nxGAaid9ysz5K1Ve6R1ZL6zTww4=,hQpkj3jOoUcBJmSHHDLwwAYwL7U=
47,63,nxGAaid9ysz5K1Ve6R1ZL6zTww4=,L7IqmUbuUznU6h6pHTHjTiTTSrg=
32,59,nxGAaid9ysz5K1Ve6R1ZL6zTww4=,hQpkj3jOoUcBJmSHHDLwwAYwL7U=
32,58,nxGAaid9ysz5K1Ve6R1ZL6zTww4=,hQpkj3jOoUcBJmSHHDLwwAYwL7U=
39,48,nxGAaid9ysz5K1Ve6R1ZL6zTww4=,hQpkj3jOoUcBJmSHHDLwwAYwL7U=
40,48,nxGAaid9ysz5K1Ve6R1ZL6zTww4=,L7IqmUbuUznU6h6pHTHjTiTTSrg=
41,48,nxGAaid9ysz5K1Ve6R1ZL6zTww4=,L7IqmUbuUznU6h6pHTHjTiTTSrg=
42,48,nxGAaid9ysz5K1Ve6R1ZL6zTww4=,L7IqmUbuUznU6h6pHTHjTiTTSrg=
44,48,nxGAaid9ysz5K1Ve6R1ZL6zTww4=,L7IqmUbuUznU6h6pHTHjTiTTSrg=
43,48,nxGAaid9ysz5K1Ve6R1ZL6zTww4=,L7IqmUbuUznU6h6pHTHjTiTTSrg=
45,48,nxGAaid9ysz5K1Ve6R1ZL6zTww4=,L7IqmUbuUznU6h6pHTHjTiTTSrg=
46,48,nxGAaid9ysz5K1Ve6R1ZL6zTww4=,L7IqmUbuUznU6h6pHTHjTiTTSrg=
47,48,nxGAaid9ysz5K1Ve6R1ZL6zTww4=,L7IqmUbuUznU6h6pHTHjTiTTSrg=
32,63,nxGAaid9ysz5K1Ve6R1ZL6zTww4=,hQpkj3jOoUcBJmSHHDLwwAYwL7U=
32,48,nxGAaid9ysz5K1Ve6R1ZL6zTww4=,hQpkj3jOoUcBJmSHHDLwwAYwL7U=
60,51,y77I8ZsPVzKxzCLh+H0hbZuSFGQ=,awZkk8R8VnfQ+NBjqE7P54YjA9g=
59,51,y77I8ZsPVzKxzCLh+H0hbZuSFGQ=,awZkk8R8VnfQ+NBjqE7P54YjA9g=
58,51,y77I8ZsPVzKxzCLh+H0hbZuSFGQ=,awZkk8R8VnfQ+NBjqE7P54YjA9g=
62,50,y77I8ZsPVzKxzCLh+H0hbZuSFGQ=,awZkk8R8VnfQ+NBjqE7P54YjA9g=
57,51,y77I8ZsPVzKxzCLh+H0hbZuSFGQ=,awZkk8R8VnfQ+NBjqE7P54YjA9g=
61,50,y77I8ZsPVzKxzCLh+H0hbZuSFGQ=,awZkk8R8VnfQ+NBjqE7P54YjA9g=
62,54,y77I8ZsPVzKxzCLh+H0hbZuSFGQ=,awZkk8R8VnfQ+NBjqE7P54YjA9g=
59,50,y77I8ZsPVzKxzCLh+H0hbZuSFGQ=,awZkk8R8VnfQ+NBjqE7P54YjA9g=
58,50,y77I8ZsPVzKxzCLh+H0hbZuSFGQ=,awZkk8R8VnfQ+NBjqE7P54YjA9g=
61,54,y77I8ZsPVzKxzCLh+H0hbZuSFGQ=,awZkk8R8VnfQ+NBjqE7P54YjA9g=
60,54,y77I8ZsPVzKxzCLh+H0hbZuSFGQ=,awZkk8R8VnfQ+NBjqE7P54YjA9g=
60,50,y77I8ZsPVzKxzCLh+H0hbZuSFGQ=,awZkk8R8VnfQ+NBjqE7P54YjA9g=
59,54,y77I8ZsPVzKxzCLh+H0hbZuSFGQ=,awZkk8R8VnfQ+NBjqE7P54YjA9g=
57,50,y77I8ZsPVzKxzCLh+H0hbZuSFGQ=,awZkk8R8VnfQ+NBjqE7P54YjA9g=
62,49,y77I8ZsPVzKxzCLh+H0hbZuSFGQ=,awZkk8R8VnfQ+NBjqE7P54YjA9g=
61,49,y77I8ZsPVzKxzCLh+H0hbZuSFGQ=,awZkk8R8VnfQ+NBjqE7P54YjA9g=
58,54,y77I8ZsPVzKxzCLh+H0hbZuSFGQ=,awZkk8R8VnfQ+NBjqE7P54YjA9g=
57,54,y77I8ZsPVzKxzCLh+H0hbZuSFGQ=,awZkk8R8VnfQ+NBjqE7P54YjA9g=
60,49,y77I8ZsPVzKxzCLh+H0hbZuSFGQ=,awZkk8R8VnfQ+NBjqE7P54YjA9g=
59,49,y77I8ZsPVzKxzCLh+H0hbZuSFGQ=,awZkk8R8VnfQ+NBjqE7P54YjA9g=
58,49,y77I8ZsPVzKxzCLh+H0hbZuSFGQ=,awZkk8R8VnfQ+NBjqE7P54YjA9g=
57,49,y77I8ZsPVzKxzCLh+H0hbZuSFGQ=,awZkk8R8VnfQ+NBjqE7P54YjA9g=
61,53,y77I8ZsPVzKxzCLh+H0hbZuSFGQ=,awZkk8R8VnfQ+NBjqE7P54YjA9g=
60,53,y77I8ZsPVzKxzCLh+H0hbZuSFGQ=,awZkk8R8VnfQ+NBjqE7P54YjA9g=
62,53,y77I8ZsPVzKxzCLh+H0hbZuSFGQ=,awZkk8R8VnfQ+NBjqE7P54YjA9g=
59,53,y77I8ZsPVzKxzCLh+H0hbZuSFGQ=,awZkk8R8VnfQ+NBjqE7P54YjA9g=
58,53,y77I8ZsPVzKxzCLh+H0hbZuSFGQ=,awZkk8R8VnfQ+NBjqE7P54YjA9g=
57,53,y77I8ZsPVzKxzCLh+H0hbZuSFGQ=,awZkk8R8VnfQ+NBjqE7P54YjA9g=
62,52,y77I8ZsPVzKxzCLh+H0hbZuSFGQ=,awZkk8R8VnfQ+NBjqE7P54YjA9g=
60,52,y77I8ZsPVzKxzCLh+H0hbZuSFGQ=,awZkk8R8VnfQ+NBjqE7P54YjA9g=
61,52,y77I8ZsPVzKxzCLh+H0hbZuSFGQ=,awZkk8R8VnfQ+NBjqE7P54YjA9g=
58,52,y77I8ZsPVzKxzCLh+H0hbZuSFGQ=,awZkk8R8VnfQ+NBjqE7P54YjA9g=
59,52,y77I8ZsPVzKxzCLh+H0hbZuSFGQ=,awZkk8R8VnfQ+NBjqE7P54YjA9g=
57,52,y77I8ZsPVzKxzCLh+H0hbZuSFGQ=,awZkk8R8VnfQ+NBjqE7P54YjA9g=
62,51,y77I8ZsPVzKxzCLh+H0hbZuSFGQ=,awZkk8R8VnfQ+NBjqE7P54YjA9g=
61,51,y77I8ZsPVzKxzCLh+H0hbZuSFGQ=,awZkk8R8VnfQ+NBjqE7P54YjA9g=
60,61,y77I8ZsPVzKxzCLh+H0hbZuSFGQ=,awZkk8R8VnfQ+NBjqE7P54YjA9g=
61,61,y77I8ZsPVzKxzCLh+H0hbZuSFGQ=,awZkk8R8VnfQ+NBjqE7P54YjA9g=
57,56,y77I8ZsPVzKxzCLh+H0hbZuSFGQ=,awZkk8R8VnfQ+NBjqE7P54YjA9g=
58,56,y77I8ZsPVzKxzCLh+H0hbZuSFGQ=,awZkk8R8VnfQ+NBjqE7P54YjA9g=
62,61,y77I8ZsPVzKxzCLh+H0hbZuSFGQ=,awZkk8R8VnfQ+NBjqE7P54YjA9g=
59,56,y77I8ZsPVzKxzCLh+H0hbZuSFGQ=,awZkk8R8VnfQ+NBjqE7P54YjA9g=
60,56,y77I8ZsPVzKxzCLh+H0hbZuSFGQ=,awZkk8R8VnfQ+NBjqE7P54YjA9g=
61,56,y77I8ZsPVzKxzCLh+H0hbZuSFGQ=,awZkk8R8VnfQ+NBjqE7P54YjA9g=
62,56,y77I8ZsPVzKxzCLh+H0hbZuSFGQ=,awZkk8R8VnfQ+NBjqE7P54YjA9g=
57,62,y77I8ZsPVzKxzCLh+H0hbZuSFGQ=,awZkk8R8VnfQ+NBjqE7P54YjA9g=
58,62,y77I8ZsPVzKxzCLh+H0hbZuSFGQ=,awZkk8R8VnfQ+NBjqE7P54YjA9g=
57,57,y77I8ZsPVzKxzCLh+H0hbZuSFGQ=,awZkk8R8VnfQ+NBjqE7P54YjA9g=
59,62,y77I8ZsPVzKxzCLh+H0hbZuSFGQ=,awZkk8R8VnfQ+NBjqE7P54YjA9g=
60,62,y77I8ZsPVzKxzCLh+H0hbZuSFGQ=,awZkk8R8VnfQ+NBjqE7P54YjA9g=
58,57,y77I8ZsPVzKxzCLh+H0hbZuSFGQ=,awZkk8R8VnfQ+NBjqE7P54YjA9g=
61,62,y77I8ZsPVzKxzCLh+H0hbZuSFGQ=,awZkk8R8VnfQ+NBjqE7P54YjA9g=
59,57,y77I8ZsPVzKxzCLh+H0hbZuSFGQ=,awZkk8R8VnfQ+NBjqE7P54YjA9g=
62,62,y77I8ZsPVzKxzCLh+H0hbZuSFGQ=,awZkk8R8VnfQ+NBjqE7P54YjA9g=
60,57,y77I8ZsPVzKxzCLh+H0hbZuSFGQ=,awZkk8R8VnfQ+NBjqE7P54YjA9g=
61,57,y77I8ZsPVzKxzCLh+H0hbZuSFGQ=,awZkk8R8VnfQ+NBjqE7P54YjA9g=
62,57,y77I8ZsPVzKxzCLh+H0hbZuSFGQ=,awZkk8R8VnfQ+NBjqE7P54YjA9g=
57,58,y77I8ZsPVzKxzCLh+H0hbZuSFGQ=,awZkk8R8VnfQ+NBjqE7P54YjA9g=
58,58,y77I8ZsPVzKxzCLh+H0hbZuSFGQ=,awZkk8R8VnfQ+NBjqE7P54YjA9g=
59,58,y77I8ZsPVzKxzCLh+H0hbZuSFGQ=,awZkk8R8VnfQ+NBjqE7P54YjA9g=
60,58,y77I8ZsPVzKxzCLh+H0hbZuSFGQ=,awZkk8R8VnfQ+NBjqE7P54YjA9g=
61,58,y77I8ZsPVzKxzCLh+H0hbZuSFGQ=,awZkk8R8VnfQ+NBjqE7P54YjA9g=
62,58,y77I8ZsPVzKxzCLh+H0hbZuSFGQ=,awZkk8R8VnfQ+NBjqE7P54YjA9g=
57,59,y77I8ZsPVzKxzCLh+H0hbZuSFGQ=,awZkk8R8VnfQ+NBjqE7P54YjA9g=
58,59,y77I8ZsPVzKxzCLh+H0hbZuSFGQ=,awZkk8R8VnfQ+NBjqE7P54YjA9g=
59,59,y77I8ZsPVzKxzCLh+H0hbZuSFGQ=,awZkk8R8VnfQ+NBjqE7P54YjA9g=
60,59,y77I8ZsPVzKxzCLh+H0hbZuSFGQ=,awZkk8R8VnfQ+NBjqE7P54YjA9g=
61,59,y77I8ZsPVzKxzCLh+H0hbZuSFGQ=,awZkk8R8VnfQ+NBjqE7P54YjA9g=
62,59,y77I8ZsPVzKxzCLh+H0hbZuSFGQ=,awZkk8R8VnfQ+NBjqE7P54YjA9g=
57,60,y77I8ZsPVzKxzCLh+H0hbZuSFGQ=,awZkk8R8VnfQ+NBjqE7P54YjA9g=
58,60,y77I8ZsPVzKxzCLh+H0hbZuSFGQ=,awZkk8R8VnfQ+NBjqE7P54YjA9g=
59,60,y77I8ZsPVzKxzCLh+H0hbZuSFGQ=,awZkk8R8VnfQ+NBjqE7P54YjA9g=
60,60,y77I8ZsPVzKxzCLh+H0hbZuSFGQ=,awZkk8R8VnfQ+NBjqE7P54YjA9g=
61,60,y77I8ZsPVzKxzCLh+H0hbZuSFGQ=,awZkk8R8VnfQ+NBjqE7P54YjA9g=
62,60,y77I8ZsPVzKxzCLh+H0hbZuSFGQ=,awZkk8R8VnfQ+NBjqE7P54YjA9g=
57,55,y77I8ZsPVzKxzCLh+H0hbZuSFGQ=,awZkk8R8VnfQ+NBjqE7P54YjA9g=
58,55,y77I8ZsPVzKxzCLh+H0hbZuSFGQ=,awZkk8R8VnfQ+NBjqE7P54YjA9g=
59,55,y77I8ZsPVzKxzCLh+H0hbZuSFGQ=,awZkk8R8VnfQ+NBjqE7P54YjA9g=
60,55,y77I8ZsPVzKxzCLh+H0hbZuSFGQ=,awZkk8R8VnfQ+NBjqE7P54YjA9g=
57,61,y77I8ZsPVzKxzCLh+H0hbZuSFGQ=,awZkk8R8VnfQ+NBjqE7P54YjA9g=
58,61,y77I8ZsPVzKxzCLh+H0hbZuSFGQ=,awZkk8R8VnfQ+NBjqE7P54YjA9g=
61,55,y77I8ZsPVzKxzCLh+H0hbZuSFGQ=,awZkk8R8VnfQ+NBjqE7P54YjA9g=
62,55,y77I8ZsPVzKxzCLh+H0hbZuSFGQ=,awZkk8R8VnfQ+NBjqE7P54YjA9g=
59,61,y77I8ZsPVzKxzCLh+H0hbZuSFGQ=,awZkk8R8VnfQ+NBjqE7P54YjA9g=
56,61,y77I8ZsPVzKxzCLh+H0hbZuSFGQ=,awZkk8R8VnfQ+NBjqE7P54YjA9g=
55,62,y77I8ZsPVzKxzCLh+H0hbZuSFGQ=,w0/xkESndv24CsBeueG9O7UZwPk=
56,60,y77I8ZsPVzKxzCLh+H0hbZuSFGQ=,awZkk8R8VnfQ+NBjqE7P54YjA9g=
54,62,y77I8ZsPVzKxzCLh+H0hbZuSFGQ=,w0/xkESndv24CsBeueG9O7UZwPk=
49,57,y77I8ZsPVzKxzCLh+H0hbZuSFGQ=,w0/xkESndv24CsBeueG9O7UZwPk=
51,62,y77I8ZsPVzKxzCLh+H0hbZuSFGQ=,w0/xkESndv24CsBeueG9O7UZwPk=
53,62,y77I8ZsPVzKxzCLh+H0hbZuSFGQ=,w0/xkESndv24CsBeueG9O7UZwPk=
55,61,y77I8ZsPVzKxzCLh+H0hbZuSFGQ=,w0/xkESndv24CsBeueG9O7UZwPk=
54,61,y77I8ZsPVzKxzCLh+H0hbZuSFGQ=,w0/xkESndv24CsBeueG9O7UZwPk=
52,62,y77I8ZsPVzKxzCLh+H0hbZuSFGQ=,w0/xkESndv24CsBeueG9O7UZwPk=
50,57,y77I8ZsPVzKxzCLh+H0hbZuSFGQ=,w0/xkESndv24CsBeueG9O7UZwPk=
50,62,y77I8ZsPVzKxzCLh+H0hbZuSFGQ=,w0/xkESndv24CsBeueG9O7UZwPk=
56,59,y77I8ZsPVzKxzCLh+H0hbZuSFGQ=,awZkk8R8VnfQ+NBjqE7P54YjA9g=
53,61,y77I8ZsPVzKxzCLh+H0hbZuSFGQ=,w0/xkESndv24CsBeueG9O7UZwPk=
51,61,y77I8ZsPVzKxzCLh+H0hbZuSFGQ=,w0/xkESndv24CsBeueG9O7UZwPk=
52,61,y77I8ZsPVzKxzCLh+H0hbZuSFGQ=,w0/xkESndv24CsBeueG9O7UZwPk=
49,62,y77I8ZsPVzKxzCLh+H0hbZuSFGQ=,w0/xkESndv24CsBeueG9O7UZwPk=
49,61,y77I8ZsPVzKxzCLh+H0hbZuSFGQ=,w0/xkESndv24CsBeueG9O7UZwPk=
51,57,y77I8ZsPVzKxzCLh+H0hbZuSFGQ=,w0/xkESndv24CsBeueG9O7UZwPk=
55,60,y77I8ZsPVzKxzCLh+H0hbZuSFGQ=,w0/xkESndv24CsBeueG9O7UZwPk=
50,61,y77I8ZsPVzKxzCLh+H0hbZuSFGQ=,w0/xkESndv24CsBeueG9O7UZwPk=
56,58,y77I8ZsPVzKxzCLh+H0hbZuSFGQ=,awZkk8R8VnfQ+NBjqE7P54YjA9g=
54,60,y77I8ZsPVzKxzCLh+H0hbZuSFGQ=,w0/xkESndv24CsBeueG9O7UZwPk=
53,60,y77I8ZsPVzKxzCLh+H0hbZuSFGQ=,w0/xkESndv24CsBeueG9O7UZwPk=
51,60,y77I8ZsPVzKxzCLh+H0hbZuSFGQ=,w0/xkESndv24CsBeueG9O7UZwPk=
55,59,y77I8ZsPVzKxzCLh+H0hbZuSFGQ=,w0/xkESndv24CsBeueG9O7UZwPk=
50,60,y77I8ZsPVzKxzCLh+H0hbZuSFGQ=,w0/xkESndv24CsBeueG9O7UZwPk=
52,57,y77I8ZsPVzKxzCLh+H0hbZuSFGQ=,w0/xkESndv24CsBeueG9O7UZwPk=
49,60,y77I8ZsPVzKxzCLh+H0hbZuSFGQ=,w0/xkESndv24CsBeueG9O7UZwPk=
54,59,y77I8ZsPVzKxzCLh+H0hbZuSFGQ=,w0/xkESndv24CsBeueG9O7UZwPk=
53,59,y77I8ZsPVzKxzCLh+H0hbZuSFGQ=,w0/xkESndv24CsBeueG9O7UZwPk=
53,57,y77I8ZsPVzKxzCLh+H0hbZuSFGQ=,w0/xkESndv24CsBeueG9O7UZwPk=
52,60,y77I8ZsPVzKxzCLh+H0hbZuSFGQ=,w0/xkESndv24CsBeueG9O7UZwPk=
52,59,y77I8ZsPVzKxzCLh+H0hbZuSFGQ=,w0/xkESndv24CsBeueG9O7UZwPk=
54,57,y77I8ZsPVzKxzCLh+H0hbZuSFGQ=,w0/xkESndv24CsBeueG9O7UZwPk=
49,59,y77I8ZsPVzKxzCLh+H0hbZuSFGQ=,w0/xkESndv24CsBeueG9O7UZwPk=
51,59,y77I8ZsPVzKxzCLh+H0hbZuSFGQ=,w0/xkESndv24CsBeueG9O7UZwPk=
50,59,y77I8ZsPVzKxzCLh+H0hbZuSFGQ=,w0/xkESndv24CsBeueG9O7UZwPk=
55,58,y77I8ZsPVzKxzCLh+H0hbZuSFGQ=,w0/xkESndv24CsBeueG9O7UZwPk=
55,57,y77I8ZsPVzKxzCLh+H0hbZuSFGQ=,w0/xkESndv24CsBeueG9O7UZwPk=
56,57,y77I8ZsPVzKxzCLh+H0hbZuSFGQ=,awZkk8R8VnfQ+NBjqE7P54YjA9g=
54,58,y77I8ZsPVzKxzCLh+H0hbZuSFGQ=,w0/xkESndv24CsBeueG9O7UZwPk=
56,62,y77I8ZsPVzKxzCLh+H0hbZuSFGQ=,awZkk8R8VnfQ+NBjqE7P54YjA9g=
49,58,y77I8ZsPVzKxzCLh+H0hbZuSFGQ=,w0/xkESndv24CsBeueG9O7UZwPk=
53,58,y77I8ZsPVzKxzCLh+H0hbZuSFGQ=,w0/xkESndv24CsBeueG9O7UZwPk=
52,58,y77I8ZsPVzKxzCLh+H0hbZuSFGQ=,w0/xkESndv24CsBeueG9O7UZwPk=
51,58,y77I8ZsPVzKxzCLh+H0hbZuSFGQ=,w0/xkESndv24CsBeueG9O7UZwPk=
56,51,y77I8ZsPVzKxzCLh+H0hbZuSFGQ=,awZkk8R8VnfQ+NBjqE7P54YjA9g=
50,58,y77I8ZsPVzKxzCLh+H0hbZuSFGQ=,w0/xkESndv24CsBeueG9O7UZwPk=
50,51,y77I8ZsPVzKxzCLh+H0hbZuSFGQ=,w0/xkESndv24CsBeueG9O7UZwPk=
53,50,y77I8ZsPVzKxzCLh+H0hbZuSFGQ=,w0/xkESndv24CsBeueG9O7UZwPk=
51,51,y77I8ZsPVzKxzCLh+H0hbZuSFGQ=,w0/xkESndv24CsBeueG9O7UZwPk=
52,50,y77I8ZsPVzKxzCLh+H0hbZuSFGQ=,w0/xkESndv24CsBeueG9O7UZwPk=
56,50,y77I8ZsPVzKxzCLh+H0hbZuSFGQ=,awZkk8R8VnfQ+NBjqE7P54YjA9g=
56,55,y77I8ZsPVzKxzCLh+H0hbZuSFGQ=,awZkk8R8VnfQ+NBjqE7P54YjA9g=
55,55,y77I8ZsPVzKxzCLh+H0hbZuSFGQ=,w0/xkESndv24CsBeueG9O7UZwPk=
53,55,y77I8ZsPVzKxzCLh+H0hbZuSFGQ=,w0/xkESndv24CsBeueG9O7UZwPk=
54,55,y77I8ZsPVzKxzCLh+H0hbZuSFGQ=,w0/xkESndv24CsBeueG9O7UZwPk=
52,55,y77I8ZsPVzKxzCLh+H0hbZuSFGQ=,w0/xkESndv24CsBeueG9O7UZwPk=
56,54,y77I8ZsPVzKxzCLh+H0hbZuSFGQ=,awZkk8R8VnfQ+NBjqE7P54YjA9g=
49,55,y77I8ZsPVzKxzCLh+H0hbZuSFGQ=,w0/xkESndv24CsBeueG9O7UZwPk=
51,55,y77I8ZsPVzKxzCLh+H0hbZuSFGQ=,w0/xkESndv24CsBeueG9O7UZwPk=
50,55,y77I8ZsPVzKxzCLh+H0hbZuSFGQ=,w0/xkESndv24CsBeueG9O7UZwPk=
55,49,y77I8ZsPVzKxzCLh+H0hbZuSFGQ=,w0/xkESndv24CsBeueG9O7UZwPk=
56,49,y77I8ZsPVzKxzCLh+H0hbZuSFGQ=,awZkk8R8VnfQ+NBjqE7P54YjA9g=
49,51,y77I8ZsPVzKxzCLh+H0hbZuSFGQ=,w0/xkESndv24CsBeueG9O7UZwPk=
54,54,y77I8ZsPVzKxzCLh+H0hbZuSFGQ=,w0/xkESndv24CsBeueG9O7UZwPk=
49,49,y77I8ZsPVzKxzCLh+H0hbZuSFGQ=,w0/xkESndv24CsBeueG9O7UZwPk=
53,54,y77I8ZsPVzKxzCLh+H0hbZuSFGQ=,w0/xkESndv24CsBeueG9O7UZwPk=
55,54,y77I8ZsPVzKxzCLh+H0hbZuSFGQ=,w0/xkESndv24CsBeueG9O7UZwPk=
52,54,y77I8ZsPVzKxzCLh+H0hbZuSFGQ=,w0/xkESndv24CsBeueG9O7UZwPk=
51,54,y77I8ZsPVzKxzCLh+H0hbZuSFGQ=,w0/xkESndv24CsBeueG9O7UZwPk=
49,54,y77I8ZsPVzKxzCLh+H0hbZuSFGQ=,w0/xkESndv24CsBeueG9O7UZwPk=
54,49,y77I8ZsPVzKxzCLh+H0hbZuSFGQ=,w0/xkESndv24CsBeueG9O7UZwPk=
56,53,y77I8ZsPVzKxzCLh+H0hbZuSFGQ=,awZkk8R8VnfQ+NBjqE7P54YjA9g=
50,54,y77I8ZsPVzKxzCLh+H0hbZuSFGQ=,w0/xkESndv24CsBeueG9O7UZwPk=
53,49,y77I8ZsPVzKxzCLh+H0hbZuSFGQ=,w0/xkESndv24CsBeueG9O7UZwPk=
51,50,y77I8ZsPVzKxzCLh+H0hbZuSFGQ=,w0/xkESndv24CsBeueG9O7UZwPk=
50,50,y77I8ZsPVzKxzCLh+H0hbZuSFGQ=,w0/xkESndv24CsBeueG9O7UZwPk=
49,53,y77I8ZsPVzKxzCLh+H0hbZuSFGQ=,w0/xkESndv24CsBeueG9O7UZwPk=
55,53,y77I8ZsPVzKxzCLh+H0hbZuSFGQ=,w0/xkESndv24CsBeueG9O7UZwPk=
53,53,y77I8ZsPVzKxzCLh+H0hbZuSFGQ=,w0/xkESndv24CsBeueG9O7UZwPk=
54,53,y77I8ZsPVzKxzCLh+H0hbZuSFGQ=,w0/xkESndv24CsBeueG9O7UZwPk=
51,53,y77I8ZsPVzKxzCLh+H0hbZuSFGQ=,w0/xkESndv24CsBeueG9O7UZwPk=
52,53,y77I8ZsPVzKxzCLh+H0hbZuSFGQ=,w0/xkESndv24CsBeueG9O7UZwPk=
50,49,y77I8ZsPVzKxzCLh+H0hbZuSFGQ=,w0/xkESndv24CsBeueG9O7UZwPk=
49,50,y77I8ZsPVzKxzCLh+H0hbZuSFGQ=,w0/xkESndv24CsBeueG9O7UZwPk=
55,52,y77I8ZsPVzKxzCLh+H0hbZuSFGQ=,w0/xkESndv24CsBeueG9O7UZwPk=
54,52,y77I8ZsPVzKxzCLh+H0hbZuSFGQ=,w0/xkESndv24CsBeueG9O7UZwPk=
52,49,y77I8ZsPVzKxzCLh+H0hbZuSFGQ=,w0/xkESndv24CsBeueG9O7UZwPk=
55,56,y77I8ZsPVzKxzCLh+H0hbZuSFGQ=,w0/xkESndv24CsBeueG9O7UZwPk=
51,49,y77I8ZsPVzKxzCLh+H0hbZuSFGQ=,w0/xkESndv24CsBeueG9O7UZwPk=
54,56,y77I8ZsPVzKxzCLh+H0hbZuSFGQ=,w0/xkESndv24CsBeueG9O7UZwPk=
53,52,y77I8ZsPVzKxzCLh+H0hbZuSFGQ=,w0/xkESndv24CsBeueG9O7UZwPk=
50,53,y77I8ZsPVzKxzCLh+H0hbZuSFGQ=,w0/xkESndv24CsBeueG9O7UZwPk=
52,52,y77I8ZsPVzKxzCLh+H0hbZuSFGQ=,w0/xkESndv24CsBeueG9O7UZwPk=
53,56,y77I8ZsPVzKxzCLh+H0hbZuSFGQ=,w0/xkESndv24CsBeueG9O7UZwPk=
52,56,y77I8ZsPVzKxzCLh+H0hbZuSFGQ=,w0/xkESndv24CsBeueG9O7UZwPk=
49,52,y77I8ZsPVzKxzCLh+H0hbZuSFGQ=,w0/xkESndv24CsBeueG9O7UZwPk=
56,52,y77I8ZsPVzKxzCLh+H0hbZuSFGQ=,awZkk8R8VnfQ+NBjqE7P54YjA9g=
56,56,y77I8ZsPVzKxzCLh+H0hbZuSFGQ=,awZkk8R8VnfQ+NBjqE7P54YjA9g=
51,56,y77I8ZsPVzKxzCLh+H0hbZuSFGQ=,w0/xkESndv24CsBeueG9O7UZwPk=
49,56,y77I8ZsPVzKxzCLh+H0hbZuSFGQ=,w0/xkESndv24CsBeueG9O7UZwPk=
50,56,y77I8ZsPVzKxzCLh+H0hbZuSFGQ=,w0/xkESndv24CsBeueG9O7UZwPk=
54,50,y77I8ZsPVzKxzCLh+H0hbZuSFGQ=,w0/xkESndv24CsBeueG9O7UZwPk=
50,52,y77I8ZsPVzKxzCLh+H0hbZuSFGQ=,w0/xkESndv24CsBeueG9O7UZwPk=
55,51,y77I8ZsPVzKxzCLh+H0hbZuSFGQ=,w0/xkESndv24CsBeueG9O7UZwPk=
54,51,y77I8ZsPVzKxzCLh+H0hbZuSFGQ=,w0/xkESndv24CsBeueG9O7UZwPk=
53,51,y77I8ZsPVzKxzCLh+H0hbZuSFGQ=,w0/xkESndv24CsBeueG9O7UZwPk=
51,52,y77I8ZsPVzKxzCLh+H0hbZuSFGQ=,w0/xkESndv24CsBeueG9O7UZwPk=
55,50,y77I8ZsPVzKxzCLh+H0hbZuSFGQ=,w0/xkESndv24CsBeueG9O7UZwPk=
52,51,y77I8ZsPVzKxzCLh+H0hbZuSFGQ=,w0/xkESndv24CsBeueG9O7UZwPk=
63,51,y77I8ZsPVzKxzCLh+H0hbZuSFGQ=,awZkk8R8VnfQ+NBjqE7P54YjA9g=
63,52,y77I8ZsPVzKxzCLh+H0hbZuSFGQ=,awZkk8R8VnfQ+NBjqE7P54YjA9g=
63,53,y77I8ZsPVzKxzCLh+H0hbZuSFGQ=,awZkk8R8VnfQ+NBjqE7P54YjA9g=
63,49,y77I8ZsPVzKxzCLh+H0hbZuSFGQ=,awZkk8R8VnfQ+NBjqE7P54YjA9g=
63,54,y77I8ZsPVzKxzCLh+H0hbZuSFGQ=,awZkk8R8VnfQ+NBjqE7P54YjA9g=
63,50,y77I8ZsPVzKxzCLh+H0hbZuSFGQ=,awZkk8R8VnfQ+NBjqE7P54YjA9g=
63,61,y77I8ZsPVzKxzCLh+H0hbZuSFGQ=,awZkk8R8VnfQ+NBjqE7P54YjA9g=
63,56,y77I8ZsPVzKxzCLh+H0hbZuSFGQ=,awZkk8R8VnfQ+NBjqE7P54YjA9g=
63,62,y77I8ZsPVzKxzCLh+H0hbZuSFGQ=,awZkk8R8VnfQ+NBjqE7P54YjA9g=
63,57,y77I8ZsPVzKxzCLh+H0hbZuSFGQ=,awZkk8R8VnfQ+NBjqE7P54YjA9g=
63,58,y77I8ZsPVzKxzCLh+H0hbZuSFGQ=,awZkk8R8VnfQ+NBjqE7P54YjA9g=
63,59,y77I8ZsPVzKxzCLh+H0hbZuSFGQ=,awZkk8R8VnfQ+NBjqE7P54YjA9g=
63,60,y77I8ZsPVzKxzCLh+H0hbZuSFGQ=,awZkk8R8VnfQ+NBjqE7P54YjA9g=
63,55,y77I8ZsPVzKxzCLh+H0hbZuSFGQ=,awZkk8R8VnfQ+NBjqE7P54YjA9g=
57,63,y77I8ZsPVzKxzCLh+H0hbZuSFGQ=,awZkk8R8VnfQ+NBjqE7P54YjA9g=
58,63,y77I8ZsPVzKxzCLh+H0hbZuSFGQ=,awZkk8R8VnfQ+NBjqE7P54YjA9g=
59,63,y77I8ZsPVzKxzCLh+H0hbZuSFGQ=,awZkk8R8VnfQ+NBjqE7P54YjA9g=
60,63,y77I8ZsPVzKxzCLh+H0hbZuSFGQ=,awZkk8R8VnfQ+NBjqE7P54YjA9g=
61,63,y77I8ZsPVzKxzCLh+H0hbZuSFGQ=,awZkk8R8VnfQ+NBjqE7P54YjA9g=
62,63,y77I8ZsPVzKxzCLh+H0hbZuSFGQ=,awZkk8R8VnfQ+NBjqE7P54YjA9g=
56,63,y77I8ZsPVzKxzCLh+H0hbZuSFGQ=,awZkk8R8VnfQ+NBjqE7P54YjA9g=
55,63,y77I8ZsPVzKxzCLh+H0hbZuSFGQ=,w0/xkESndv24CsBeueG9O7UZwPk=
54,63,y77I8ZsPVzKxzCLh+H0hbZuSFGQ=,w0/xkESndv24CsBeueG9O7UZwPk=
50,63,y77I8ZsPVzKxzCLh+H0hbZuSFGQ=,w0/xkESndv24CsBeueG9O7UZwPk=
53,63,y77I8ZsPVzKxzCLh+H0hbZuSFGQ=,w0/xkESndv24CsBeueG9O7UZwPk=
52,63,y77I8ZsPVzKxzCLh+H0hbZuSFGQ=,w0/xkESndv24CsBeueG9O7UZwPk=
51,63,y77I8ZsPVzKxzCLh+H0hbZuSFGQ=,w0/xkESndv24CsBeueG9O7UZwPk=
49,63,y77I8ZsPVzKxzCLh+H0hbZuSFGQ=,w0/xkESndv24CsBeueG9O7UZwPk=
57,48,y77I8ZsPVzKxzCLh+H0hbZuSFGQ=,awZkk8R8VnfQ+NBjqE7P54YjA9g=
48,51,y77I8ZsPVzKxzCLh+H0hbZuSFGQ=,w0/xkESndv24CsBeueG9O7UZwPk=
48,56,y77I8ZsPVzKxzCLh+H0hbZuSFGQ=,w0/xkESndv24CsBeueG9O7UZwPk=
48,52,y77I8ZsPVzKxzCLh+H0hbZuSFGQ=,w0/xkESndv24CsBeueG9O7UZwPk=
48,50,y77I8ZsPVzKxzCLh+H0hbZuSFGQ=,w0/xkESndv24CsBeueG9O7UZwPk=
48,53,y77I8ZsPVzKxzCLh+H0hbZuSFGQ=,w0/xkESndv24CsBeueG9O7UZwPk=
48,49,y77I8ZsPVzKxzCLh+H0hbZuSFGQ=,w0/xkESndv24CsBeueG9O7UZwPk=
48,54,y77I8ZsPVzKxzCLh+H0hbZuSFGQ=,w0/xkESndv24CsBeueG9O7UZwPk=
48,55,y77I8ZsPVzKxzCLh+H0hbZuSFGQ=,w0/xkESndv24CsBeueG9O7UZwPk=
48,57,y77I8ZsPVzKxzCLh+H0hbZuSFGQ=,w0/xkESndv24CsBeueG9O7UZwPk=
48,58,y77I8ZsPVzKxzCLh+H0hbZuSFGQ=,w0/xkESndv24CsBeueG9O7UZwPk=
48,59,y77I8ZsPVzKxzCLh+H0hbZuSFGQ=,w0/xkESndv24CsBeueG9O7UZwPk=
48,61,y77I8ZsPVzKxzCLh+H0hbZuSFGQ=,w0/xkESndv24CsBeueG9O7UZwPk=
62,48,y77I8ZsPVzKxzCLh+H0hbZuSFGQ=,awZkk8R8VnfQ+NBjqE7P54YjA9g=
61,48,y77I8ZsPVzKxzCLh+H0hbZuSFGQ=,awZkk8R8VnfQ+NBjqE7P54YjA9g=
60,48,y77I8ZsPVzKxzCLh+H0hbZuSFGQ=,awZkk8R8VnfQ+NBjqE7P54YjA9g=
48,62,y77I8ZsPVzKxzCLh+H0hbZuSFGQ=,w0/xkESndv24CsBeueG9O7UZwPk=
48,60,y77I8ZsPVzKxzCLh+H0hbZuSFGQ=,w0/xkESndv24CsBeueG9O7UZwPk=
59,48,y77I8ZsPVzKxzCLh+H0hbZuSFGQ=,awZkk8R8VnfQ+NBjqE7P54YjA9g=
58,48,y77I8ZsPVzKxzCLh+H0hbZuSFGQ=,awZkk8R8VnfQ+NBjqE7P54YjA9g=
48,63,y77I8ZsPVzKxzCLh+H0hbZuSFGQ=,w0/xkESndv24CsBeueG9O7UZwPk=
56,48,y77I8ZsPVzKxzCLh+H0hbZuSFGQ=,awZkk8R8VnfQ+NBjqE7P54YjA9g=
51,48,y77I8ZsPVzKxzCLh+H0hbZuSFGQ=,w0/xkESndv24CsBeueG9O7UZwPk=
49,48,y77I8ZsPVzKxzCLh+H0hbZuSFGQ=,w0/xkESndv24CsBeueG9O7UZwPk=
50,48,y77I8ZsPVzKxzCLh+H0hbZuSFGQ=,w0/xkESndv24CsBeueG9O7UZwPk=
54,48,y77I8ZsPVzKxzCLh+H0hbZuSFGQ=,w0/xkESndv24CsBeueG9O7UZwPk=
55,48,y77I8ZsPVzKxzCLh+H0hbZuSFGQ=,w0/xkESndv24CsBeueG9O7UZwPk=
53,48,y77I8ZsPVzKxzCLh+H0hbZuSFGQ=,w0/xkESndv24CsBeueG9O7UZwPk=
52,48,y77I8ZsPVzKxzCLh+H0hbZuSFGQ=,w0/xkESndv24CsBeueG9O7UZwPk=
63,48,y77I8ZsPVzKxzCLh+H0hbZuSFGQ=,awZkk8R8VnfQ+NBjqE7P54YjA9g=
63,63,y77I8ZsPVzKxzCLh+H0hbZuSFGQ=,awZkk8R8VnfQ+NBjqE7P54YjA9g=
48,48,y77I8ZsPVzKxzCLh+H0hbZuSFGQ=,w0/xkESndv24CsBeueG9O7UZwPk=
60,45,y77I8ZsPVzKxzCLh+H0hbZuSFGQ=,awZkk8R8VnfQ+NBjqE7P54YjA9g=
58,45,y77I8ZsPVzKxzCLh+H0hbZuSFGQ=,awZkk8R8VnfQ+NBjqE7P54YjA9g=
59,45,y77I8ZsPVzKxzCLh+H0hbZuSFGQ=,awZkk8R8VnfQ+NBjqE7P54YjA9g=
62,44,y77I8ZsPVzKxzCLh+H0hbZuSFGQ=,awZkk8R8VnfQ+NBjqE7P54YjA9g=
61,44,y77I8ZsPVzKxzCLh+H0hbZuSFGQ=,awZkk8R8VnfQ+NBjqE7P54YjA9g=
57,45,y77I8ZsPVzKxzCLh+H0hbZuSFGQ=,awZkk8R8VnfQ+NBjqE7P54YjA9g=
60,44,y77I8ZsPVzKxzCLh+H0hbZuSFGQ=,awZkk8R8VnfQ+NBjqE7P54YjA9g=
59,44,y77I8ZsPVzKxzCLh+H0hbZuSFGQ=,awZkk8R8VnfQ+NBjqE7P54YjA9g=
58,44,y77I8ZsPVzKxzCLh+H0hbZuSFGQ=,awZkk8R8VnfQ+NBjqE7P54YjA9g=
57,44,y77I8ZsPVzKxzCLh+H0hbZuSFGQ=,awZkk8R8VnfQ+NBjqE7P54YjA9g=
62,43,y77I8ZsPVzKxzCLh+H0hbZuSFGQ=,awZkk8R8VnfQ+NBjqE7P54YjA9g=
61,43,y77I8ZsPVzKxzCLh+H0hbZuSFGQ=,awZkk8R8VnfQ+NBjqE7P54YjA9g=
60,43,y77I8ZsPVzKxzCLh+H0hbZuSFGQ=,awZkk8R8VnfQ+NBjqE7P54YjA9g=
59,43,y77I8ZsPVzKxzCLh+H0hbZuSFGQ=,awZkk8R8VnfQ+NBjqE7P54YjA9g=
58,43,y77I8ZsPVzKxzCLh+H0hbZuSFGQ=,awZkk8R8VnfQ+NBjqE7P54YjA9g=
62,42,y77I8ZsPVzKxzCLh+H0hbZuSFGQ=,awZkk8R8VnfQ+NBjqE7P54YjA9g=
57,43,y77I8ZsPVzKxzCLh+H0hbZuSFGQ=,awZkk8R8VnfQ+NBjqE7P54YjA9g=
60,42,y77I8ZsPVzKxzCLh+H0hbZuSFGQ=,awZkk8R8VnfQ+NBjqE7P54YjA9g=
61,42,y77I8ZsPVzKxzCLh+H0hbZuSFGQ=,awZkk8R8VnfQ+NBjqE7P54YjA9g=
59,42,y77I8ZsPVzKxzCLh+H0hbZuSFGQ=,awZkk8R8VnfQ+NBjqE7P54YjA9g=
58,42,y77I8ZsPVzKxzCLh+H0hbZuSFGQ=,awZkk8R8VnfQ+NBjqE7P54YjA9g=
62,46,y77I8ZsPVzKxzCLh+H0hbZuSFGQ=,awZkk8R8VnfQ+NBjqE7P54YjA9g=
61,46,y77I8ZsPVzKxzCLh+H0hbZuSFGQ=,awZkk8R8VnfQ+NBjqE7P54YjA9g=
62,41,y77I8ZsPVzKxzCLh+H0hbZuSFGQ=,awZkk8R8VnfQ+NBjqE7P54YjA9g=
61,41,y77I8ZsPVzKxzCLh+H0hbZuSFGQ=,awZkk8R8VnfQ+NBjqE7P54YjA9g=
57,42,y77I8ZsPVzKxzCLh+H0hbZuSFGQ=,awZkk8R8VnfQ+NBjqE7P54YjA9g=
60,41,y77I8ZsPVzKxzCLh+H0hbZuSFGQ=,awZkk8R8VnfQ+NBjqE7P54YjA9g=
59,41,y77I8ZsPVzKxzCLh+H0hbZuSFGQ=,awZkk8R8VnfQ+NBjqE7P54YjA9g=
58,41,y77I8ZsPVzKxzCLh+H0hbZuSFGQ=,awZkk8R8VnfQ+NBjqE7P54YjA9g=
57,41,y77I8ZsPVzKxzCLh+H0hbZuSFGQ=,awZkk8R8VnfQ+NBjqE7P54YjA9g=
60,46,y77I8ZsPVzKxzCLh+H0hbZuSFGQ=,awZkk8R8VnfQ+NBjqE7P54YjA9g=
59,46,y77I8ZsPVzKxzCLh+H0hbZuSFGQ=,awZkk8R8VnfQ+NBjqE7P54YjA9g=
58,46,y77I8ZsPVzKxzCLh+H0hbZuSFGQ=,awZkk8R8VnfQ+NBjqE7P54YjA9g=
57,46,y77I8ZsPVzKxzCLh+H0hbZuSFGQ=,awZkk8R8VnfQ+NBjqE7P54YjA9g=
62,45,y77I8ZsPVzKxzCLh+H0hbZuSFGQ=,awZkk8R8VnfQ+NBjqE7P54YjA9g=
61,45,y77I8ZsPVzKxzCLh+H0hbZuSFGQ=,awZkk8R8VnfQ+NBjqE7P54YjA9g=
60,35,y77I8ZsPVzKxzCLh+H0hbZuSFGQ=,awZkk8R8VnfQ+NBjqE7P54YjA9g=
61,35,y77I8ZsPVzKxzCLh+H0hbZuSFGQ=,awZkk8R8VnfQ+NBjqE7P54YjA9g=
57,40,y77I8ZsPVzKxzCLh+H0hbZuSFGQ=,awZkk8R8VnfQ+NBjqE7P54YjA9g=
62,35,1ZrcsfTTBuSoSukCNlif08oWUbc=,awZkk8R8VnfQ+NBjqE7P54YjA9g=
58,40,1ZrcsfTTBuSoSukCNlif08oWUbc=,awZkk8R8VnfQ+NBjqE7P54YjA9g=
59,40,1ZrcsfTTBuSoSukCNlif08oWUbc=,awZkk8R8VnfQ+NBjqE7P54YjA9g=
60,40,1ZrcsfTTBuSoSukCNlif08oWUbc=,awZkk8R8VnfQ+NBjqE7P54YjA9g=
61,40,1ZrcsfTTBuSoSukCNlif08oWUbc=,awZkk8R8VnfQ+NBjqE7P54YjA9g=
62,40,1ZrcsfTTBuSoSukCNlif08oWUbc=,awZkk8R8VnfQ+NBjqE7P54YjA9g=
58,36,1ZrcsfTTBuSoSukCNlif08oWUbc=,awZkk8R8VnfQ+NBjqE7P54YjA9g=
57,36,1ZrcsfTTBuSoSukCNlif08oWUbc=,awZkk8R8VnfQ+NBjqE7P54YjA9g=
59,36,1ZrcsfTTBuSoSukCNlif08oWUbc=,awZkk8R8VnfQ+NBjqE7P54YjA9g=
60,36,1ZrcsfTTBuSoSukCNlif08oWUbc=,awZkk8R8VnfQ+NBjqE7P54YjA9g=
61,36,1ZrcsfTTBuSoSukCNlif08oWUbc=,awZkk8R8VnfQ+NBjqE7P54YjA9g=
62,36,1ZrcsfTTBuSoSukCNlif08oWUbc=,awZkk8R8VnfQ+NBjqE7P54YjA9g=
57,37,1ZrcsfTTBuSoSukCNlif08oWUbc=,awZkk8R8VnfQ+NBjqE7P54YjA9g=
59,37,1ZrcsfTTBuSoSukCNlif08oWUbc=,awZkk8R8VnfQ+NBjqE7P54YjA9g=
58,37,1ZrcsfTTBuSoSukCNlif08oWUbc=,awZkk8R8VnfQ+NBjqE7P54YjA9g=
57,33,1ZrcsfTTBuSoSukCNlif08oWUbc=,awZkk8R8VnfQ+NBjqE7P54YjA9g=
58,33,1ZrcsfTTBuSoSukCNlif08oWUbc=,awZkk8R8VnfQ+NBjqE7P54YjA9g=
59,33,1ZrcsfTTBuSoSukCNlif08oWUbc=,awZkk8R8VnfQ+NBjqE7P54YjA9g=
60,37,1ZrcsfTTBuSoSukCNlif08oWUbc=,awZkk8R8VnfQ+NBjqE7P54YjA9g=
60,33,1ZrcsfTTBuSoSukCNlif08oWUbc=,awZkk8R8VnfQ+NBjqE7P54YjA9g=
61,33,1ZrcsfTTBuSoSukCNlif08oWUbc=,awZkk8R8VnfQ+NBjqE7P54YjA9g=
62,33,1ZrcsfTTBuSoSukCNlif08oWUbc=,awZkk8R8VnfQ+NBjqE7P54YjA9g=
61,37,1ZrcsfTTBuSoSukCNlif08oWUbc=,awZkk8R8VnfQ+NBjqE7P54YjA9g=
62,37,1ZrcsfTTBuSoSukCNlif08oWUbc=,awZkk8R8VnfQ+NBjqE7P54YjA9g=
58,38,1ZrcsfTTBuSoSukCNlif08oWUbc=,awZkk8R8VnfQ+NBjqE7P54YjA9g=
57,38,1ZrcsfTTBuSoSukCNlif08oWUbc=,awZkk8R8VnfQ+NBjqE7P54YjA9g=
59,38,1ZrcsfTTBuSoSukCNlif08oWUbc=,awZkk8R8VnfQ+NBjqE7P54YjA9g=
60,38,1ZrcsfTTBuSoSukCNlif08oWUbc=,awZkk8R8VnfQ+NBjqE7P54YjA9g=
57,34,1ZrcsfTTBuSoSukCNlif08oWUbc=,awZkk8R8VnfQ+NBjqE7P54YjA9g=
61,38,1ZrcsfTTBuSoSukCNlif08oWUbc=,awZkk8R8VnfQ+NBjqE7P54YjA9g=
62,38,1ZrcsfTTBuSoSukCNlif08oWUbc=,awZkk8R8VnfQ+NBjqE7P54YjA9g=
58,34,1ZrcsfTTBuSoSukCNlif08oWUbc=,awZkk8R8VnfQ+NBjqE7P54YjA9g=
57,39,1ZrcsfTTBuSoSukCNlif08oWUbc=,awZkk8R8VnfQ+NBjqE7P54YjA9g=
58,39,1ZrcsfTTBuSoSukCNlif08oWUbc=,awZkk8R8VnfQ+NBjqE7P54YjA9g=
59,39,1ZrcsfTTBuSoSukCNlif08oWUbc=,awZkk8R8VnfQ+NBjqE7P54YjA9g=
60,39,1ZrcsfTTBuSoSukCNlif08oWUbc=,awZkk8R8VnfQ+NBjqE7P54YjA9g=
59,34,1ZrcsfTTBuSoSukCNlif08oWUbc=,awZkk8R8VnfQ+NBjqE7P54YjA9g=
60,34,1ZrcsfTTBuSoSukCNlif08oWUbc=,awZkk8R8VnfQ+NBjqE7P54YjA9g=
61,34,1ZrcsfTTBuSoSukCNlif08oWUbc=,awZkk8R8VnfQ+NBjqE7P54YjA9g=
62,34,1ZrcsfTTBuSoSukCNlif08oWUbc=,awZkk8R8VnfQ+NBjqE7P54YjA9g=
57,35,1ZrcsfTTBuSoSukCNlif08oWUbc=,awZkk8R8VnfQ+NBjqE7P54YjA9g=
58,35,1ZrcsfTTBuSoSukCNlif08oWUbc=,awZkk8R8VnfQ+NBjqE7P54YjA9g=
61,39,1ZrcsfTTBuSoSukCNlif08oWUbc=,awZkk8R8VnfQ+NBjqE7P54YjA9g=
62,39,1ZrcsfTTBuSoSukCNlif08oWUbc=,awZkk8R8VnfQ+NBjqE7P54YjA9g=
59,35,1ZrcsfTTBuSoSukCNlif08oWUbc=,awZkk8R8VnfQ+NBjqE7P54YjA9g=
56,45,1ZrcsfTTBuSoSukCNlif08oWUbc=,awZkk8R8VnfQ+NBjqE7P54YjA9g=
56,46,1ZrcsfTTBuSoSukCNlif08oWUbc=,awZkk8R8VnfQ+NBjqE7P54YjA9g=
56,41,1ZrcsfTTBuSoSukCNlif08oWUbc=,awZkk8R8VnfQ+NBjqE7P54YjA9g=
55,46,1ZrcsfTTBuSoSukCNlif08oWUbc=,X9aYWqf8r62PSL5q9DuR282PaUw=
53,46,1ZrcsfTTBuSoSukCNlif08oWUbc=,X9aYWqf8r62PSL5q9DuR282PaUw=
55,45,1ZrcsfTTBuSoSukCNlif08oWUbc=,X9aYWqf8r62PSL5q9DuR282PaUw=
54,46,1ZrcsfTTBuSoSukCNlif08oWUbc=,X9aYWqf8r62PSL5q9DuR282PaUw=
49,41,1ZrcsfTTBuSoSukCNlif08oWUbc=,X9aYWqf8r62PSL5q9DuR282PaUw=
51,46,1ZrcsfTTBuSoSukCNlif08oWUbc=,X9aYWqf8r62PSL5q9DuR282PaUw=
52,46,1ZrcsfTTBuSoSukCNlif08oWUbc=,X9aYWqf8r62PSL5q9DuR282PaUw=
50,46,1ZrcsfTTBuSoSukCNlif08oWUbc=,X9aYWqf8r62PSL5q9DuR282PaUw=
56,44,1ZrcsfTTBuSoSukCNlif08oWUbc=,awZkk8R8VnfQ+NBjqE7P54YjA9g=
49,46,1ZrcsfTTBuSoSukCNlif08oWUbc=,X9aYWqf8r62PSL5q9DuR282PaUw=
54,45,1ZrcsfTTBuSoSukCNlif08oWUbc=,X9aYWqf8r62PSL5q9DuR282PaUw=
55,44,1ZrcsfTTBuSoSukCNlif08oWUbc=,X9aYWqf8r62PSL5q9DuR282PaUw=
50,41,1ZrcsfTTBuSoSukCNlif08oWUbc=,X9aYWqf8r62PSL5q9DuR282PaUw=
53,45,1ZrcsfTTBuSoSukCNlif08oWUbc=,X9aYWqf8r62PSL5q9DuR282PaUw=
52,45,1ZrcsfTTBuSoSukCNlif08oWUbc=,X9aYWqf8r62PSL5q9DuR282PaUw=
54,44,1ZrcsfTTBuSoSukCNlif08oWUbc=,X9aYWqf8r62PSL5q9DuR282PaUw=
50,45,1ZrcsfTTBuSoSukCNlif08oWUbc=,X9aYWqf8r62PSL5q9DuR282PaUw=
51,45,1ZrcsfTTBuSoSukCNlif08oWUbc=,X9aYWqf8r62PSL5q9DuR282PaUw=
49,45,1ZrcsfTTBuSoSukCNlif08oWUbc=,X9aYWqf8r62PSL5q9DuR282PaUw=
55,43,1ZrcsfTTBuSoSukCNlif08oWUbc=,X9aYWqf8r62PSL5q9DuR282PaUw=
54,43,1ZrcsfTTBuSoSukCNlif08oWUbc=,X9aYWqf8r62PSL5q9DuR282PaUw=
56,43,1ZrcsfTTBuSoSukCNlif08oWUbc=,awZkk8R8VnfQ+NBjqE7P54YjA9g=
51,41,1ZrcsfTTBuSoSukCNlif08oWUbc=,X9aYWqf8r62PSL5q9DuR282PaUw=
56,42,1ZrcsfTTBuSoSukCNlif08oWUbc=,awZkk8R8VnfQ+NBjqE7P54YjA9g=
53,44,1ZrcsfTTBuSoSukCNlif08oWUbc=,X9aYWqf8r62PSL5q9DuR282PaUw=
50,44,1ZrcsfTTBuSoSukCNlif08oWUbc=,X9aYWqf8r62PSL5q9DuR282PaUw=
52,44,1ZrcsfTTBuSoSukCNlif08oWUbc=,X9aYWqf8r62PSL5q9DuR282PaUw=
49,44,1ZrcsfTTBuSoSukCNlif08oWUbc=,X9aYWqf8r62PSL5q9DuR282PaUw=
51,44,1ZrcsfTTBuSoSukCNlif08oWUbc=,X9aYWqf8r62PSL5q9DuR282PaUw=
55,42,1ZrcsfTTBuSoSukCNlif08oWUbc=,X9aYWqf8r62PSL5q9DuR282PaUw=
54,42,1ZrcsfTTBuSoSukCNlif08oWUbc=,X9aYWqf8r62PSL5q9DuR282PaUw=
53,43,1ZrcsfTTBuSoSukCNlif08oWUbc=,X9aYWqf8r62PSL5q9DuR282PaUw=
52,43,1ZrcsfTTBuSoSukCNlif08oWUbc=,X9aYWqf8r62PSL5q9DuR282PaUw=
52,41,1ZrcsfTTBuSoSukCNlif08oWUbc=,X9aYWqf8r62PSL5q9DuR282PaUw=
51,43,1ZrcsfTTBuSoSukCNlif08oWUbc=,X9aYWqf8r62PSL5q9DuR282PaUw=
52,42,1ZrcsfTTBuSoSukCNlif08oWUbc=,X9aYWqf8r62PSL5q9DuR282PaUw=
53,42,1ZrcsfTTBuSoSukCNlif08oWUbc=,X9aYWqf8r62PSL5q9DuR282PaUw=
54,41,1ZrcsfTTBuSoSukCNlif08oWUbc=,X9aYWqf8r62PSL5q9DuR282PaUw=
50,43,1ZrcsfTTBuSoSukCNlif08oWUbc=,X9aYWqf8r62PSL5q9DuR282PaUw=
55,41,1ZrcsfTTBuSoSukCNlif08oWUbc=,X9aYWqf8r62PSL5q9DuR282PaUw=
51,42,1ZrcsfTTBuSoSukCNlif08oWUbc=,X9aYWqf8r62PSL5q9DuR282PaUw=
50,42,1ZrcsfTTBuSoSukCNlif08oWUbc=,X9aYWqf8r62PSL5q9DuR282PaUw=
49,43,1ZrcsfTTBuSoSukCNlif08oWUbc=,X9aYWqf8r62PSL5q9DuR282PaUw=
49,42,1ZrcsfTTBuSoSukCNlif08oWUbc=,X9aYWqf8r62PSL5q9DuR282PaUw=
53,41,1ZrcsfTTBuSoSukCNlif08oWUbc=,X9aYWqf8r62PSL5q9DuR282PaUw=
49,37,1ZrcsfTTBuSoSukCNlif08oWUbc=,X9aYWqf8r62PSL5q9DuR282PaUw=
56,35,1ZrcsfTTBuSoSukCNlif08oWUbc=,awZkk8R8VnfQ+NBjqE7P54YjA9g=
53,37,1ZrcsfTTBuSoSukCNlif08oWUbc=,X9aYWqf8r62PSL5q9DuR282PaUw=
53,38,1ZrcsfTTBuSoSukCNlif08oWUbc=,X9aYWqf8r62PSL5q9DuR282PaUw=
50,37,1ZrcsfTTBuSoSukCNlif08oWUbc=,X9aYWqf8r62PSL5q9DuR282PaUw=
50,34,1ZrcsfTTBuSoSukCNlif08oWUbc=,X9aYWqf8r62PSL5q9DuR282PaUw=
56,40,1ZrcsfTTBuSoSukCNlif08oWUbc=,awZkk8R8VnfQ+NBjqE7P54YjA9g=
51,39,1ZrcsfTTBuSoSukCNlif08oWUbc=,X9aYWqf8r62PSL5q9DuR282PaUw=
56,39,1ZrcsfTTBuSoSukCNlif08oWUbc=,awZkk8R8VnfQ+NBjqE7P54YjA9g=
52,37,1ZrcsfTTBuSoSukCNlif08oWUbc=,X9aYWqf8r62PSL5q9DuR282PaUw=
51,37,1ZrcsfTTBuSoSukCNlif08oWUbc=,X9aYWqf8r62PSL5q9DuR282PaUw=
56,34,1ZrcsfTTBuSoSukCNlif08oWUbc=,awZkk8R8VnfQ+NBjqE7P54YjA9g=
52,39,1ZrcsfTTBuSoSukCNlif08oWUbc=,X9aYWqf8r62PSL5q9DuR282PaUw=
52,38,1ZrcsfTTBuSoSukCNlif08oWUbc=,X9aYWqf8r62PSL5q9DuR282PaUw=
49,34,1ZrcsfTTBuSoSukCNlif08oWUbc=,X9aYWqf8r62PSL5q9DuR282PaUw=
49,39,1ZrcsfTTBuSoSukCNlif08oWUbc=,X9aYWqf8r62PSL5q9DuR282PaUw=
50,39,1ZrcsfTTBuSoSukCNlif08oWUbc=,X9aYWqf8r62PSL5q9DuR282PaUw=
51,33,1ZrcsfTTBuSoSukCNlif08oWUbc=,X9aYWqf8r62PSL5q9DuR282PaUw=
56,38,1ZrcsfTTBuSoSukCNlif08oWUbc=,awZkk8R8VnfQ+NBjqE7P54YjA9g=
49,35,1ZrcsfTTBuSoSukCNlif08oWUbc=,X9aYWqf8r62PSL5q9DuR282PaUw=
55,35,1ZrcsfTTBuSoSukCNlif08oWUbc=,X9aYWqf8r62PSL5q9DuR282PaUw=
50,33,1ZrcsfTTBuSoSukCNlif08oWUbc=,X9aYWqf8r62PSL5q9DuR282PaUw=
56,33,1ZrcsfTTBuSoSukCNlif08oWUbc=,awZkk8R8VnfQ+NBjqE7P54YjA9g=
54,38,1ZrcsfTTBuSoSukCNlif08oWUbc=,X9aYWqf8r62PSL5q9DuR282PaUw=
49,33,1ZrcsfTTBuSoSukCNlif08oWUbc=,X9aYWqf8r62PSL5q9DuR282PaUw=
50,38,1ZrcsfTTBuSoSukCNlif08oWUbc=,X9aYWqf8r62PSL5q9DuR282PaUw=
54,35,1ZrcsfTTBuSoSukCNlif08oWUbc=,X9aYWqf8r62PSL5q9DuR282PaUw=
55,36,1ZrcsfTTBuSoSukCNlif08oWUbc=,X9aYWqf8r62PSL5q9DuR282PaUw=
54,36,1ZrcsfTTBuSoSukCNlif08oWUbc=,X9aYWqf8r62PSL5q9DuR282PaUw=
51,34,1ZrcsfTTBuSoSukCNlif08oWUbc=,X9aYWqf8r62PSL5q9DuR282PaUw=
53,36,1ZrcsfTTBuSoSukCNlif08oWUbc=,X9aYWqf8r62PSL5q9DuR282PaUw=
52,36,1ZrcsfTTBuSoSukCNlif08oWUbc=,X9aYWqf8r62PSL5q9DuR282PaUw=
56,37,1ZrcsfTTBuSoSukCNlif08oWUbc=,awZkk8R8VnfQ+NBjqE7P54YjA9g=
51,36,1ZrcsfTTBuSoSukCNlif08oWUbc=,X9aYWqf8r62PSL5q9DuR282PaUw=
52,33,1ZrcsfTTBuSoSukCNlif08oWUbc=,X9aYWqf8r62PSL5q9DuR282PaUw=
49,38,1ZrcsfTTBuSoSukCNlif08oWUbc=,X9aYWqf8r62PSL5q9DuR282PaUw=
50,36,1ZrcsfTTBuSoSukCNlif08oWUbc=,X9aYWqf8r62PSL5q9DuR282PaUw=
49,36,1ZrcsfTTBuSoSukCNlif08oWUbc=,X9aYWqf8r62PSL5q9DuR282PaUw=
53,33,1ZrcsfTTBuSoSukCNlif08oWUbc=,X9aYWqf8r62PSL5q9DuR282PaUw=
53,35,1ZrcsfTTBuSoSukCNlif08oWUbc=,X9aYWqf8r62PSL5q9DuR282PaUw=
55,38,1ZrcsfTTBuSoSukCNlif08oWUbc=,X9aYWqf8r62PSL5q9DuR282PaUw=
55,40,1ZrcsfTTBuSoSukCNlif08oWUbc=,X9aYWqf8r62PSL5q9DuR282PaUw=
55,37,1ZrcsfTTBuSoSukCNlif08oWUbc=,X9aYWqf8r62PSL5q9DuR282PaUw=
52,35,1ZrcsfTTBuSoSukCNlif08oWUbc=,X9aYWqf8r62PSL5q9DuR282PaUw=
51,35,1ZrcsfTTBuSoSukCNlif08oWUbc=,X9aYWqf8r62PSL5q9DuR282PaUw=
55,34,1ZrcsfTTBuSoSukCNlif08oWUbc=,X9aYWqf8r62PSL5q9DuR282PaUw=
54,40,1ZrcsfTTBuSoSukCNlif08oWUbc=,X9aYWqf8r62PSL5q9DuR282PaUw=
54,37,1ZrcsfTTBuSoSukCNlif08oWUbc=,X9aYWqf8r62PSL5q9DuR282PaUw=
53,40,1ZrcsfTTBuSoSukCNlif08oWUbc=,X9aYWqf8r62PSL5q9DuR282PaUw=
54,34,1ZrcsfTTBuSoSukCNlif08oWUbc=,X9aYWqf8r62PSL5q9DuR282PaUw=
56,36,1ZrcsfTTBuSoSukCNlif08oWUbc=,awZkk8R8VnfQ+NBjqE7P54YjA9g=
52,40,1ZrcsfTTBuSoSukCNlif08oWUbc=,X9aYWqf8r62PSL5q9DuR282PaUw=
51,40,1ZrcsfTTBuSoSukCNlif08oWUbc=,X9aYWqf8r62PSL5q9DuR282PaUw=
50,35,1ZrcsfTTBuSoSukCNlif08oWUbc=,X9aYWqf8r62PSL5q9DuR282PaUw=
49,40,1ZrcsfTTBuSoSukCNlif08oWUbc=,X9aYWqf8r62PSL5q9DuR282PaUw=
55,33,1ZrcsfTTBuSoSukCNlif08oWUbc=,X9aYWqf8r62PSL5q9DuR282PaUw=
50,40,1ZrcsfTTBuSoSukCNlif08oWUbc=,X9aYWqf8r62PSL5q9DuR282PaUw=
55,39,1ZrcsfTTBuSoSukCNlif08oWUbc=,X9aYWqf8r62PSL5q9DuR282PaUw=
53,34,1ZrcsfTTBuSoSukCNlif08oWUbc=,X9aYWqf8r62PSL5q9DuR282PaUw=
54,39,1ZrcsfTTBuSoSukCNlif08oWUbc=,X9aYWqf8r62PSL5q9DuR282PaUw=
52,34,1ZrcsfTTBuSoSukCNlif08oWUbc=,X9aYWqf8r62PSL5q9DuR282PaUw=
53,39,1ZrcsfTTBuSoSukCNlif08oWUbc=,X9aYWqf8r62PSL5q9DuR282PaUw=
51,38,1ZrcsfTTBuSoSukCNlif08oWUbc=,X9aYWqf8r62PSL5q9DuR282PaUw=
54,33,1ZrcsfTTBuSoSukCNlif08oWUbc=,X9aYWqf8r62PSL5q9DuR282PaUw=
63,34,1ZrcsfTTBuSoSukCNlif08oWUbc=,awZkk8R8VnfQ+NBjqE7P54YjA9g=
63,35,1ZrcsfTTBuSoSukCNlif08oWUbc=,awZkk8R8VnfQ+NBjqE7P54YjA9g=
63,36,1ZrcsfTTBuSoSukCNlif08oWUbc=,awZkk8R8VnfQ+NBjqE7P54YjA9g=
63,38,1ZrcsfTTBuSoSukCNlif08oWUbc=,awZkk8R8VnfQ+NBjqE7P54YjA9g=
63,33,1ZrcsfTTBuSoSukCNlif08oWUbc=,awZkk8R8VnfQ+NBjqE7P54YjA9g=
63,37,1ZrcsfTTBuSoSukCNlif08oWUbc=,awZkk8R8VnfQ+NBjqE7P54YjA9g=
63,45,1ZrcsfTTBuSoSukCNlif08oWUbc=,awZkk8R8VnfQ+NBjqE7P54YjA9g=
63,40,1ZrcsfTTBuSoSukCNlif08oWUbc=,awZkk8R8VnfQ+NBjqE7P54YjA9g=
63,41,1ZrcsfTTBuSoSukCNlif08oWUbc=,awZkk8R8VnfQ+NBjqE7P54YjA9g=
63,42,1ZrcsfTTBuSoSukCNlif08oWUbc=,awZkk8R8VnfQ+NBjqE7P54YjA9g=
63,46,1ZrcsfTTBuSoSukCNlif08oWUbc=,awZkk8R8VnfQ+NBjqE7P54YjA9g=
63,43,1ZrcsfTTBuSoSukCNlif08oWUbc=,awZkk8R8VnfQ+NBjqE7P54YjA9g=
63,44,1ZrcsfTTBuSoSukCNlif08oWUbc=,awZkk8R8VnfQ+NBjqE7P54YjA9g=
63,39,1ZrcsfTTBuSoSukCNlif08oWUbc=,awZkk8R8VnfQ+NBjqE7P54YjA9g=
51,47,1ZrcsfTTBuSoSukCNlif08oWUbc=,X9aYWqf8r62PSL5q9DuR282PaUw=
49,47,1ZrcsfTTBuSoSukCNlif08oWUbc=,X9aYWqf8r62PSL5q9DuR282PaUw=
52,47,1ZrcsfTTBuSoSukCNlif08oWUbc=,X9aYWqf8r62PSL5q9DuR282PaUw=
50,47,1ZrcsfTTBuSoSukCNlif08oWUbc=,X9aYWqf8r62PSL5q9DuR282PaUw=
54,47,1ZrcsfTTBuSoSukCNlif08oWUbc=,X9aYWqf8r62PSL5q9DuR282PaUw=
53,47,1ZrcsfTTBuSoSukCNlif08oWUbc=,X9aYWqf8r62PSL5q9DuR282PaUw=
62,47,1ZrcsfTTBuSoSukCNlif08oWUbc=,awZkk8R8VnfQ+NBjqE7P54YjA9g=
60,47,1ZrcsfTTBuSoSukCNlif08oWUbc=,awZkk8R8VnfQ+NBjqE7P54YjA9g=
61,47,1ZrcsfTTBuSoSukCNlif08oWUbc=,awZkk8R8VnfQ+NBjqE7P54YjA9g=
59,47,1ZrcsfTTBuSoSukCNlif08oWUbc=,awZkk8R8VnfQ+NBjqE7P54YjA9g=
58,47,1ZrcsfTTBuSoSukCNlif08oWUbc=,awZkk8R8VnfQ+NBjqE7P54YjA9g=
57,47,1ZrcsfTTBuSoSukCNlif08oWUbc=,awZkk8R8VnfQ+NBjqE7P54YjA9g=
56,47,1ZrcsfTTBuSoSukCNlif08oWUbc=,awZkk8R8VnfQ+NBjqE7P54YjA9g=
55,47,1ZrcsfTTBuSoSukCNlif08oWUbc=,X9aYWqf8r62PSL5q9DuR282PaUw=
63,47,1ZrcsfTTBuSoSukCNlif08oWUbc=,awZkk8R8VnfQ+NBjqE7P54YjA9g=
48,41,1ZrcsfTTBuSoSukCNlif08oWUbc=,X9aYWqf8r62PSL5q9DuR282PaUw=
48,42,1ZrcsfTTBuSoSukCNlif08oWUbc=,X9aYWqf8r62PSL5q9DuR282PaUw=
48,46,1ZrcsfTTBuSoSukCNlif08oWUbc=,X9aYWqf8r62PSL5q9DuR282PaUw=
48,37,1ZrcsfTTBuSoSukCNlif08oWUbc=,X9aYWqf8r62PSL5q9DuR282PaUw=
48,36,1ZrcsfTTBuSoSukCNlif08oWUbc=,X9aYWqf8r62PSL5q9DuR282PaUw=
48,39,1ZrcsfTTBuSoSukCNlif08oWUbc=,X9aYWqf8r62PSL5q9DuR282PaUw=
48,38,1ZrcsfTTBuSoSukCNlif08oWUbc=,X9aYWqf8r62PSL5q9DuR282PaUw=
48,40,1ZrcsfTTBuSoSukCNlif08oWUbc=,X9aYWqf8r62PSL5q9DuR282PaUw=
48,45,1ZrcsfTTBuSoSukCNlif08oWUbc=,X9aYWqf8r62PSL5q9DuR282PaUw=
48,44,1ZrcsfTTBuSoSukCNlif08oWUbc=,X9aYWqf8r62PSL5q9DuR282PaUw=
48,33,1ZrcsfTTBuSoSukCNlif08oWUbc=,X9aYWqf8r62PSL5q9DuR282PaUw=
48,35,1ZrcsfTTBuSoSukCNlif08oWUbc=,X9aYWqf8r62PSL5q9DuR282PaUw=
48,34,1ZrcsfTTBuSoSukCNlif08oWUbc=,X9aYWqf8r62PSL5q9DuR282PaUw=
48,47,1ZrcsfTTBuSoSukCNlif08oWUbc=,X9aYWqf8r62PSL5q9DuR282PaUw=
53,32,1ZrcsfTTBuSoSukCNlif08oWUbc=,X9aYWqf8r62PSL5q9DuR282PaUw=
48,43,1ZrcsfTTBuSoSukCNlif08oWUbc=,X9aYWqf8r62PSL5q9DuR282PaUw=
51,32,1ZrcsfTTBuSoSukCNlif08oWUbc=,X9aYWqf8r62PSL5q9DuR282PaUw=
54,32,1ZrcsfTTBuSoSukCNlif08oWUbc=,X9aYWqf8r62PSL5q9DuR282PaUw=
50,32,1ZrcsfTTBuSoSukCNlif08oWUbc=,X9aYWqf8r62PSL5q9DuR282PaUw=
52,32,1ZrcsfTTBuSoSukCNlif08oWUbc=,X9aYWqf8r62PSL5q9DuR282PaUw=
49,32,1ZrcsfTTBuSoSukCNlif08oWUbc=,X9aYWqf8r62PSL5q9DuR282PaUw=
63,32,1ZrcsfTTBuSoSukCNlif08oWUbc=,awZkk8R8VnfQ+NBjqE7P54YjA9g=
61,32,1ZrcsfTTBuSoSukCNlif08oWUbc=,awZkk8R8VnfQ+NBjqE7P54YjA9g=
62,32,1ZrcsfTTBuSoSukCNlif08oWUbc=,awZkk8R8VnfQ+NBjqE7P54YjA9g=
60,32,1ZrcsfTTBuSoSukCNlif08oWUbc=,awZkk8R8VnfQ+NBjqE7P54YjA9g=
57,32,1ZrcsfTTBuSoSukCNlif08oWUbc=,awZkk8R8VnfQ+NBjqE7P54YjA9g=
58,32,1ZrcsfTTBuSoSukCNlif08oWUbc=,awZkk8R8VnfQ+NBjqE7P54YjA9g=
48,32,1ZrcsfTTBuSoSukCNlif08oWUbc=,X9aYWqf8r62PSL5q9DuR282PaUw=
59,32,1ZrcsfTTBuSoSukCNlif08oWUbc=,awZkk8R8VnfQ+NBjqE7P54YjA9g=
56,32,1ZrcsfTTBuSoSukCNlif08oWUbc=,awZkk8R8VnfQ+NBjqE7P54YjA9g=
55,32,1ZrcsfTTBuSoSukCNlif08oWUbc=,X9aYWqf8r62PSL5q9DuR282PaUw=
